Rk,Player,Pos,Age,Tm,G,MP,PER,TS%,3PAr,FTr,ORB%,DRB%,TRB%,AST%,STL%,BLK%,TOV%,USG%,,OWS,DWS,WS,WS/48,,OBPM,DBPM,BPM,VORP
1,Precious Achiuwa,C,22,TOR,68,1602,13,0.502,0.243,0.209,9.1,22.5,15.5,7,1.1,2.3,10.9,18.3,,0.6,2,2.6,0.077,,-1.8,-0.6,-2.4,-0.2
2,Steven Adams,C,28,MEM,73,1925,17.8,0.563,0.003,0.513,18.1,21.5,19.8,15.6,1.6,2.7,19.1,12.1,,3.9,2.9,6.7,0.168,,1.1,0.9,2,1.9
3,Bam Adebayo,C,24,MIA,53,1726,21.8,0.606,0.009,0.45,8.7,26.4,17.7,17.8,2.2,2.6,14.8,25.1,,3.3,3.4,6.7,0.186,,1.7,2.2,3.9,2.6
4,Santi Aldama,PF,21,MEM,30,319,8.7,0.435,0.376,0.22,8,15.7,11.8,6.5,0.5,2.8,8.4,16.8,,-0.1,0.3,0.2,0.035,,-4.8,-1.3,-6.1,-0.3
5,LaMarcus Aldridge,C,36,BRK,45,1027,20.2,0.607,0.099,0.224,7.7,18.8,13.4,6.4,0.7,4,7.8,22.7,,2.1,1,3.1,0.145,,1.7,-0.7,1,0.8
6,Nickeil Alexander-Walker,SG,23,TOT,63,1446,10.3,0.472,0.493,0.16,2.8,11.3,7,15.9,1.5,1.5,11.4,24.2,,-1.2,1.2,-0.1,-0.002,,-2,-1.1,-3.1,-0.4
6,Nickeil Alexander-Walker,SG,23,NOP,50,1317,10.6,0.474,0.483,0.153,3,10.9,6.9,16.2,1.5,1.4,11.2,24.8,,-1.1,1,-0.1,-0.004,,-1.7,-1.3,-3,-0.3
6,Nickeil Alexander-Walker,SG,23,UTA,13,129,7.5,0.447,0.659,0.268,0.9,15.7,8.5,13.4,1.5,2.7,14.9,18.2,,-0.1,0.2,0,0.013,,-4.8,0.9,-4,-0.1
7,Grayson Allen,SG,26,MIL,64,1757,12.6,0.606,0.686,0.126,1.9,11,6.5,7.6,1.2,0.9,6.7,15.3,,2.7,1.3,4,0.109,,0.5,-0.3,0.3,1
8,Jarrett Allen,C,23,CLE,56,1809,23.1,0.698,0.018,0.428,12,24.5,18.4,8.2,1.2,3.7,12.7,18.1,,5.5,3.1,8.6,0.227,,2.7,1.2,3.9,2.7
9,Jose Alvarado,PG,23,NOP,49,744,16.6,0.525,0.379,0.172,3.4,10.2,6.8,26.6,4.2,0.9,11.1,18.3,,0.9,1,2,0.128,,-0.4,2.6,2.2,0.8
10,Justin Anderson,SF,28,TOT,14,294,11.3,0.524,0.618,0.213,1.5,15.6,8.5,14.1,1.3,0.9,7.6,15.4,,0.3,0.2,0.4,0.072,,-1.6,-1.3,-2.9,-0.1
10,Justin Anderson,SF,28,CLE,3,47,10.7,0.666,0.75,0.5,0,13.8,7.1,17.3,1.1,0,17,11.1,,0.1,0,0.1,0.127,,-3,0.4,-2.7,0
10,Justin Anderson,SF,28,IND,11,247,11.4,0.508,0.605,0.185,1.8,16,8.8,13.5,1.4,1.1,6.4,16.3,,0.2,0.1,0.3,0.062,,-1.3,-1.6,-2.9,-0.1
11,Kyle Anderson,PF,28,MEM,65,1397,14.2,0.496,0.23,0.22,4.9,21.6,13.1,15.9,2.5,2.6,12,16.1,,0.8,2.4,3.2,0.11,,-1.1,2.1,1,1.1
12,Giannis Antetokounmpo,PF,27,MIL,63,2075,32.4,0.635,0.196,0.622,6.6,30.4,18.8,32.1,1.5,4.2,12.3,35.1,,8.9,3.5,12.4,0.287,,7.8,3.6,11.4,7
13,Thanasis Antetokounmpo,SF,29,MIL,45,423,11.6,0.545,0.101,0.33,10.3,13.7,12,6.2,1.7,2.5,14.4,14.7,,0.3,0.5,0.8,0.088,,-3.9,0.1,-3.8,-0.2
14,Carmelo Anthony,PF,37,LAL,67,1744,14.9,0.584,0.553,0.226,3.8,13.5,8.6,5.4,1.2,2.6,7.1,20.3,,2.2,1.4,3.6,0.1,,0.4,-0.9,-0.5,0.7
15,Cole Anthony,PG,21,ORL,64,2057,13.6,0.519,0.429,0.278,1.6,16.3,8.9,29,1.1,0.8,14.3,25.1,,0,1.7,1.7,0.041,,-0.6,-0.6,-1.2,0.4
16,OG Anunoby,SF,24,TOR,47,1703,14.9,0.551,0.453,0.169,4.3,12.3,8.1,10.9,2.1,1.4,9.4,20.5,,1.9,1.9,3.8,0.107,,0.5,0.1,0.6,1.1
17,Ryan Arcidiacono,PG,27,NYK,7,39,10.2,0.917,0.667,0,0,8.4,4.1,3.8,0,0,14.3,7.9,,0.1,0,0.1,0.099,,-0.1,-1.1,-1.2,0
18,Trevor Ariza,SF,36,LAL,24,462,7,0.449,0.747,0.182,2.3,16.7,9.5,7.5,1.4,1.2,9.3,11,,-0.2,0.4,0.2,0.021,,-3.3,-0.2,-3.5,-0.2
19,D.J. Augustin,PG,34,TOT,50,787,10.9,0.643,0.738,0.193,1.4,7.3,4.4,17.4,0.9,0,19.5,14.7,,0.8,0.1,0.9,0.055,,-0.4,-2.5,-2.9,-0.2
19,D.J. Augustin,PG,34,HOU,34,510,9.7,0.596,0.706,0.279,1.5,7.3,4.4,20.6,0.9,0,22.8,16.4,,0.2,0,0.2,0.018,,-1.4,-2.9,-4.3,-0.3
19,D.J. Augustin,PG,34,LAL,16,277,12.9,0.753,0.803,0.015,1.2,7.4,4.3,11.5,0.9,0,10.7,11.6,,0.6,0.1,0.7,0.123,,1.3,-1.6,-0.3,0.1
20,Deni Avdija,SF,21,WAS,77,1835,11.7,0.539,0.446,0.252,2.9,20.9,12,11.2,1.5,1.9,11.4,15.9,,0.7,1.8,2.6,0.067,,-2.1,0.5,-1.6,0.2
21,Joel Ayayi,SG,21,WAS,7,20,3.4,0.167,0.167,0,5.6,10.9,8.3,25.5,0,0,0,13.3,,0,0,0,-0.095,,-4.2,-1.8,-6,0
22,Deandre Ayton,C,23,PHO,56,1652,21.8,0.658,0.026,0.211,9.5,27,18.6,7.2,1.1,2,10.9,21.3,,4,3,7,0.204,,2.2,0.5,2.7,2
23,Udoka Azubuike,C,22,UTA,17,195,17.6,0.743,0,0.224,10.5,28.9,20,0,0.3,5,18.2,14.7,,0.3,0.3,0.6,0.155,,-1.8,0.3,-1.5,0
24,Marvin Bagley III,PF,22,TOT,48,1146,15.8,0.551,0.217,0.226,9.7,22.7,16,5.2,0.9,1.4,7.4,19.8,,1.2,0.9,2.1,0.087,,-0.5,-1.8,-2.3,-0.1
24,Marvin Bagley III,PF,22,SAC,30,656,14.3,0.521,0.252,0.191,10.9,24.9,17.8,3.9,0.7,1.5,7.3,18.8,,0.5,0.4,0.9,0.069,,-1.1,-2.5,-3.5,-0.3
24,Marvin Bagley III,PF,22,DET,18,490,17.8,0.585,0.175,0.27,8,19.7,13.6,6.9,1.3,1.3,7.4,21.2,,0.7,0.4,1.1,0.11,,0.4,-1,-0.6,0.2
25,LaMelo Ball,PG,20,CHO,71,2295,19.5,0.548,0.446,0.199,4.7,17.3,10.9,35.2,2.4,1.2,14.8,28.1,,3.1,2.3,5.4,0.113,,3.1,0.2,3.3,3.1
26,Lonzo Ball,PG,24,CHI,35,1212,14.5,0.575,0.679,0.073,3.3,14.2,8.8,20,2.6,2.2,17.2,17.4,,0.9,1.4,2.3,0.091,,0.9,1.5,2.5,1.4
27,Mo Bamba,C,23,ORL,67,1733,16,0.576,0.439,0.114,8.6,24.2,16.4,7.2,1.1,5.8,11,17,,1.5,2.6,4.1,0.113,,-0.5,0.9,0.4,1
28,Desmond Bane,SF,23,MEM,73,2186,17.6,0.59,0.479,0.138,2.1,13.7,7.7,13.7,1.8,1.2,8.6,23.1,,4.4,2.7,7,0.154,,2.5,0.1,2.7,2.6
29,Dalano Banton,SF,22,TOR,63,691,10,0.463,0.252,0.208,5.7,14,9.6,19.7,2,1.4,19.4,17,,-0.4,0.8,0.4,0.029,,-3.4,0.3,-3.1,-0.2
30,Cat Barber,PG,27,ATL,3,13,-11.2,0,0,1,8.5,16.7,12.6,26.8,0,0,14.8,22.7,,-0.1,0,-0.1,-0.451,,-15.8,-7.6,-23.5,-0.1
31,Harrison Barnes,PF,29,SAC,73,2483,16,0.628,0.429,0.504,3.4,14.7,9,10.7,1,0.5,10.6,18.9,,5.1,0.9,6.1,0.117,,1.6,-1.3,0.3,1.5
32,Scottie Barnes,PF,20,TOR,69,2451,16.4,0.551,0.199,0.234,7.7,15.7,11.5,15,1.6,2.2,11.9,19.1,,3.4,2.8,6.2,0.122,,0.6,0.4,1,1.8
33,RJ Barrett,SF,21,NYK,67,2324,13.7,0.513,0.338,0.336,2.9,15.5,9.1,14.4,0.9,0.7,10,27.3,,0.2,2,2.1,0.044,,-0.3,-1.4,-1.7,0.2
34,Will Barton,SG,31,DEN,68,2171,13.4,0.544,0.474,0.138,2.3,14.3,8.5,17.7,1.2,1.3,11.9,21,,1.1,1.9,3,0.066,,0.3,-0.9,-0.6,0.8
35,Paris Bass,SF,26,PHO,2,7,14,0.436,0.333,0.333,31.8,29.8,30.8,0,6.9,0,22.5,54.8,,0,0,0,-0.167,,-11.2,-1.3,-12.4,0
36,Charles Bassey,PF,21,PHI,23,168,21.6,0.66,0.085,0.255,14.8,26.1,20.6,6.6,1.5,9.1,13.3,16.2,,0.4,0.3,0.8,0.222,,-0.3,2.2,1.9,0.2
37,Keita Bates-Diop,SF,26,SAS,54,859,12,0.569,0.227,0.249,6.4,19.1,12.7,5.8,1.5,1.4,13.2,14.1,,0.5,0.9,1.4,0.079,,-2.3,-0.4,-2.6,-0.1
38,Nicolas Batum,PF,33,LAC,56,1392,13.5,0.606,0.699,0.096,2.2,16,9.3,9.2,1.9,2.6,8.9,13.5,,1.5,1.9,3.4,0.118,,0.4,1.7,2.1,1.4
39,Kent Bazemore,SF,32,LAL,38,531,6.3,0.457,0.577,0.124,2.6,10.9,6.8,8.3,2.3,1.3,12.7,13.4,,-0.4,0.5,0.1,0.009,,-5,0.7,-4.3,-0.3
40,Darius Bazley,PF,21,OKC,69,1924,12.6,0.515,0.414,0.262,3.7,19.7,11.6,7.8,1.5,3.4,11.1,18.3,,-0.4,2.3,1.9,0.046,,-2.1,0.3,-1.8,0.1
41,Bradley Beal,SG,28,WAS,40,1439,17.6,0.539,0.272,0.263,3,11.4,7.3,31,1.2,0.9,13.6,30.8,,0.7,0.8,1.5,0.05,,2.1,-1.2,0.9,1
42,Malik Beasley,SG,25,MIN,75,1872,11.9,0.543,0.746,0.07,1.4,11.4,6.3,8.5,1,0.6,4.9,19.6,,1.6,1.2,2.7,0.07,,0.8,-1.4,-0.7,0.7
43,Jordan Bell,C,27,CHI,1,2,29.9,,,,56.5,0,28,0,24.4,0,,0,,0,0,0,0.605,,-8,10.8,2.8,0
44,DeAndre' Bembry,SF,27,TOT,56,1026,11.9,0.601,0.163,0.158,4.5,12.6,8.6,8.6,2.3,2.2,11.6,11.2,,1.1,1.1,2.2,0.103,,-2.1,1.4,-0.7,0.3
44,DeAndre' Bembry,SF,27,BRK,48,949,12.5,0.609,0.169,0.164,4.4,12.8,8.7,8.5,2.4,2.4,11.6,11.7,,1.1,1,2.1,0.107,,-2,1.5,-0.5,0.4
44,DeAndre' Bembry,SF,27,MIL,8,77,4.8,0.375,0,0,5.6,9.4,7.6,9.5,1.2,0,11.1,5,,0,0.1,0.1,0.053,,-4.4,0.5,-3.9,0
45,Dāvis Bertāns,PF,29,TOT,52,743,8.4,0.517,0.835,0.157,1.5,13.4,7.5,4.4,1,1.2,6.2,17.5,,0,0.6,0.6,0.036,,-2.4,-1.2,-3.5,-0.3
45,Dāvis Bertāns,PF,29,WAS,34,501,8.4,0.527,0.842,0.175,1.3,11.9,6.7,4.5,1.1,1,7.1,17.6,,0,0.3,0.3,0.028,,-2.5,-1.3,-3.7,-0.2
45,Dāvis Bertāns,PF,29,DAL,18,242,8.5,0.498,0.821,0.119,1.8,16.6,9.1,4.2,0.8,1.5,4.3,17.2,,0,0.3,0.3,0.053,,-2.1,-1,-3.1,-0.1
46,Patrick Beverley,PG,33,MIN,56,1433,14.8,0.541,0.555,0.299,4.4,13.2,8.7,24.2,2.2,3.4,13,16.1,,2.3,1.7,4,0.134,,0.6,2.1,2.7,1.7
47,Saddiq Bey,SF,22,DET,78,2602,14,0.53,0.538,0.224,4.2,14.3,9,13.6,1.3,0.6,7.3,21.1,,2.3,1.7,4,0.073,,0.9,-1.2,-0.2,1.2
48,Khem Birch,C,29,TOR,50,895,13.5,0.536,0.066,0.385,12.6,13.5,13.1,7.9,1.5,2.5,10.5,11.4,,1.5,1,2.4,0.131,,-1.5,0.5,-1,0.2
49,Goga Bitadze,C,22,IND,49,720,18,0.591,0.321,0.378,12,15.2,13.6,11.1,1.4,4.8,13.4,20,,1.3,0.6,1.9,0.124,,-0.2,-0.7,-0.8,0.2
50,Bismack Biyombo,C,29,PHO,32,423,16.7,0.578,0,0.5,15,20.2,17.7,5.8,1.3,4.6,13.7,17.9,,0.6,0.8,1.4,0.156,,-2.2,0.3,-1.9,0
51,Nemanja Bjelica,C,33,GSW,67,1058,13.2,0.556,0.438,0.233,5.7,21.4,13.8,19,1.7,2.2,18.6,17.7,,0.6,1.9,2.4,0.111,,-1.6,2.2,0.6,0.7
52,Eric Bledsoe,PG,32,LAC,54,1361,12.6,0.514,0.348,0.25,2.2,11.7,7.1,24.2,2.5,1.2,18.3,20.5,,-0.5,1.7,1.2,0.044,,-2.1,1.2,-0.9,0.4
53,Keljin Blevins,SF,26,POR,26,269,6.4,0.446,0.625,0.102,5.9,9.3,7.5,9.1,1.5,0.4,13.2,17,,-0.3,0,-0.2,-0.042,,-4,-3.4,-7.4,-0.4
54,Bogdan Bogdanović,SG,29,ATL,59,1724,15.1,0.561,0.575,0.145,1.7,12.5,7.2,15.2,1.8,0.7,8.1,21.5,,2.2,1,3.2,0.089,,1.2,-0.3,0.9,1.3
55,Bojan Bogdanović,PF,32,UTA,66,2033,15.7,0.599,0.505,0.271,3.1,11.7,7.6,8.9,0.7,0,10.1,23.7,,3.5,1.3,4.8,0.114,,1.7,-1.8,-0.1,1
56,Bol Bol,PF,22,DEN,14,81,13.6,0.565,0.148,0.185,5.7,21.3,13.8,9.2,0.6,2.3,12,18,,0,0.1,0.1,0.067,,-0.5,-0.4,-1,0
57,Leandro Bolmaro,SF,21,MIN,34,223,4.1,0.391,0.378,0.244,7,12.2,9.6,9.5,1.3,0,20.7,11.8,,-0.2,0.2,-0.1,-0.013,,-5.8,-0.5,-6.2,-0.2
58,Isaac Bonga,SF,22,TOR,15,69,8.8,0.363,0.308,0.615,6,5,5.5,7.3,5.8,2.8,10.8,11.5,,0,0.1,0.1,0.06,,-5.4,5,-0.5,0
59,Devin Booker,SG,25,PHO,66,2277,21.2,0.574,0.338,0.259,2.2,13.1,7.8,22.5,1.6,1,9.5,32,,4.2,3.2,7.4,0.156,,3.7,0.2,3.9,3.4
60,Brandon Boston Jr.,SG,20,LAC,50,722,11,0.478,0.352,0.219,2.4,12.6,7.7,9.6,1.7,1.4,8.1,22.5,,-0.5,0.8,0.3,0.017,,-3,-0.5,-3.5,-0.3
61,Chris Boucher,PF,29,TOR,75,1570,17.9,0.568,0.39,0.33,11,21.5,16,1.9,1.5,4.3,6.1,17.8,,3.2,2.3,5.5,0.169,,0.3,-0.4,-0.1,0.8
62,James Bouknight,SG,21,CHO,28,296,10.5,0.468,0.36,0.228,7.3,9.8,8.6,10.9,1.1,0.3,8,23.3,,0,0.1,0.1,0.012,,-3.1,-3.6,-6.7,-0.4
63,Avery Bradley,SG,31,LAL,60,1361,7.8,0.543,0.598,0.053,2.5,8.1,5.3,4.5,1.8,0.6,9.8,12.2,,0.2,0.9,1.1,0.037,,-3.6,-0.1,-3.7,-0.6
64,Tony Bradley,C,24,CHI,52,524,14.4,0.594,0,0.225,12.9,24.4,18.7,6.7,0.9,5.3,19.7,12.8,,0.6,0.7,1.2,0.114,,-2.1,0.4,-1.7,0
65,Ignas Brazdeikis,SF,23,ORL,38,406,9.6,0.523,0.467,0.141,4.2,9.4,6.8,10.6,1,0.5,8.9,16.8,,0.1,0.2,0.3,0.039,,-2.9,-1.4,-4.2,-0.2
66,Mikal Bridges,SF,25,PHO,77,2736,14.5,0.629,0.368,0.182,3,9.9,6.6,8.7,1.6,1.2,6.8,14.9,,5.1,3.6,8.7,0.153,,0.6,1.1,1.8,2.6
67,Miles Bridges,PF,23,CHO,76,2721,17.9,0.592,0.383,0.276,3.4,17.7,10.4,15.9,1.3,2.3,10.1,22.6,,4.7,2.2,6.9,0.121,,1.8,-0.3,1.5,2.4
68,Oshae Brissett,SF,23,IND,63,1435,12.5,0.523,0.464,0.325,7.5,17.9,12.6,5.7,1.4,1.8,8.3,16.9,,1.1,0.9,2,0.066,,-0.7,-1.5,-2.3,-0.1
69,Malcolm Brogdon,PG,29,IND,36,1206,18.2,0.557,0.343,0.308,3,14.2,8.5,27.1,1.2,1,11.1,24.7,,2.3,0.5,2.7,0.109,,2.8,-0.5,2.3,1.3
70,Armoni Brooks,SG-PG,23,TOT,51,806,8.8,0.489,0.858,0.068,2.5,10.7,6.6,10.5,1.6,1.3,8.2,16.6,,-0.1,0.3,0.3,0.016,,-2.3,-1.3,-3.6,-0.3
70,Armoni Brooks,SG,23,HOU,41,690,8.4,0.49,0.849,0.076,1.9,11,6.4,10.3,1.4,1,8.1,17.4,,-0.2,0.2,0,0.003,,-2.6,-1.8,-4.4,-0.4
70,Armoni Brooks,PG,23,TOR,10,116,11,0.483,0.933,0,6.2,8.9,7.5,11.5,2.6,2.5,9.1,12.2,,0.1,0.1,0.2,0.097,,-0.9,1.9,1,0.1
71,Dillon Brooks,SF,26,MEM,30,835,15.5,0.513,0.287,0.21,3.6,8.8,6.1,14.9,2,0.7,8.2,28.9,,0.6,0.9,1.5,0.088,,-1,-0.7,-1.7,0.1
72,Bruce Brown,SF,25,BRK,68,1631,14.7,0.568,0.18,0.246,6.4,14.7,10.6,10.9,2.2,2.3,8.6,15,,2.5,1.8,4.2,0.124,,-0.6,0.9,0.3,0.9
73,Charlie Brown Jr.,SG,24,TOT,22,177,6.5,0.346,0.308,0.256,8.9,11.2,10.1,4.5,2.8,2,10.3,12.3,,-0.2,0.2,0,0.013,,-5.2,0.4,-4.8,-0.1
73,Charlie Brown Jr.,SG,24,DAL,3,15,5.1,0.2,0.6,0,0,7.4,3.7,9,6.7,6,0,15,,-0.1,0,0,-0.051,,-7.8,5,-2.7,0
73,Charlie Brown Jr.,SG,24,PHI,19,162,6.6,0.365,0.265,0.294,9.8,11.5,10.7,4.1,2.5,1.7,11.5,12.1,,-0.1,0.2,0.1,0.019,,-5,0,-5,-0.1
74,Chaundee Brown Jr.,SG-SF,23,TOT,5,104,6.5,0.447,0.563,0.188,1.1,15.6,8.4,5.1,0.9,0,2.8,14.9,,0,0,0,0.002,,-4.2,-2.4,-6.6,-0.1
74,Chaundee Brown Jr.,SF,23,LAL,2,21,-8.7,0.143,0.429,0,0,10.2,5.1,0,0,0,12.5,16.4,,-0.1,0,-0.1,-0.306,,-11.5,-5,-16.5,-0.1
74,Chaundee Brown Jr.,SG,23,ATL,3,83,10.3,0.525,0.6,0.24,1.3,17,9.2,6.4,1.2,0,0,14.5,,0.1,0,0.1,0.08,,-2.4,-1.7,-4.1,0
75,Greg Brown III,SF,20,POR,43,524,11.4,0.5,0.285,0.373,7.3,17.6,12.2,7.6,2.1,3.8,12.8,17.4,,0,0.4,0.4,0.035,,-4,-0.6,-4.6,-0.3
76,Jaylen Brown,SF,25,BOS,62,2097,18.6,0.573,0.385,0.263,2.7,16.4,9.7,17.2,1.5,0.7,11.8,30.4,,2,3.2,5.2,0.118,,1.8,0,1.8,1.9
77,Moses Brown,C,22,TOT,36,284,19.2,0.621,0,0.713,11.8,30.6,21.2,0.5,1.1,4.8,12.3,20.5,,0.5,0.6,1,0.171,,-2.1,-0.3,-2.4,0
77,Moses Brown,C,22,DAL,26,169,15.6,0.588,0,0.86,10.4,29.7,20,0.9,0.9,4.8,16.9,22.1,,0.1,0.3,0.4,0.111,,-4.7,-0.2,-4.9,-0.1
77,Moses Brown,C,22,CLE,10,115,24.3,0.672,0,0.514,13.8,32,23.1,0,1.3,4.7,4.2,18.2,,0.4,0.2,0.6,0.258,,1.7,-0.5,1.3,0.1
78,Sterling Brown,SG,26,DAL,48,614,8.3,0.492,0.597,0.101,4.7,21.6,13.1,7.7,1.1,1,12.9,13.1,,-0.1,0.8,0.7,0.058,,-3.4,0.4,-3,-0.2
79,Troy Brown Jr.,SF,22,CHI,62,985,9.6,0.52,0.513,0.106,4.2,16.6,10.5,7.4,1.5,0.4,8.5,12.1,,0.5,0.8,1.3,0.062,,-2,-0.3,-2.2,-0.1
80,Jalen Brunson,PG,25,DAL,75,2406,17.1,0.581,0.243,0.207,1.9,11.6,6.7,24.9,1.3,0.1,10.4,21.9,,4.5,2.5,7,0.139,,0.8,0,0.8,1.7
81,Thomas Bryant,C,24,WAS,24,401,17.8,0.621,0.284,0.284,7.3,17.9,12.7,8.8,0.7,3.8,10.2,19.6,,0.8,0.4,1.1,0.136,,0.3,-0.7,-0.4,0.2
82,Shaq Buchanan,PG,25,MEM,2,10,0.6,0.25,0.5,0,10.2,10.7,10.5,24.9,4.8,0,33.3,24.6,,-0.1,0,0,-0.227,,-11.2,0,-11.2,0
83,Reggie Bullock,SF,30,DAL,64,1777,9.4,0.555,0.785,0.097,1.9,12.2,7,6.2,1.1,0.7,6.8,13.4,,1.1,1.9,3,0.08,,-1.4,0,-1.4,0.3
84,Trey Burke,PG,29,DAL,39,418,10.1,0.481,0.39,0.112,1.1,7.2,4.1,20.1,1.3,0,10.8,26,,-0.4,0.4,0,0.001,,-3.4,-1.5,-4.9,-0.3
85,Alec Burks,SG,30,NYK,77,2175,13.7,0.553,0.535,0.357,2.1,16.6,9.2,15.4,1.9,1.1,9.1,17.7,,3,2.5,5.5,0.122,,-0.4,1.1,0.8,1.5
86,Jared Butler,SG,21,UTA,39,304,11.8,0.525,0.573,0.092,1.9,10.8,6.5,24.8,2.1,2,18.5,24,,-0.1,0.4,0.3,0.043,,-2.2,0.3,-1.9,0
87,Jimmy Butler,SF,32,MIA,55,1858,23.8,0.589,0.137,0.541,6.2,13.5,10,26.8,2.5,1.5,10.3,26.6,,6,2.9,8.9,0.231,,4.6,1.9,6.5,4
88,Devontae Cacok,PF,25,SAS,11,92,24.3,0.688,0,0.269,7.9,33.4,20.5,7.7,3.6,6.3,6.4,14.2,,0.3,0.2,0.5,0.25,,2.2,4.4,6.6,0.2
89,Kentavious Caldwell-Pope,SG,28,WAS,74,2246,12.7,0.569,0.499,0.192,2,10.3,6.2,9.1,1.8,0.9,9.6,18.8,,1.5,1.5,3,0.065,,-0.8,-0.5,-1.4,0.4
90,Facundo Campazzo,PG,30,DEN,63,1173,11.2,0.506,0.649,0.268,2.3,8.7,5.6,23.9,2.6,1.8,16.9,14.7,,0.7,1.3,2,0.083,,-2,1.3,-0.8,0.4
91,Vlatko Čančar,PF,24,DEN,14,152,13.8,0.678,0.308,0.308,4.6,12.1,8.4,12,0.6,1.8,15.3,15.1,,0.3,0.1,0.4,0.121,,-0.1,-0.5,-0.6,0.1
92,Devin Cannady,PG,25,ORL,1,29,7.6,0.643,1,0,0,0,0,10,1.7,0,22.2,13.4,,0,0,0,0.009,,-1.5,0,-1.5,0
93,Clint Capela,C,27,ATL,70,1934,20.9,0.596,0.002,0.282,14.9,31.9,23.4,6.9,1.2,4.2,6.5,15.3,,5,2.5,7.6,0.187,,1.9,-0.1,1.8,1.9
94,Vernon Carey Jr.,C,20,TOT,5,18,16.3,0.546,0,0.5,17.3,11.9,14.6,0,2.7,0,12,19.6,,0,0,0,0.093,,-2.9,-5.2,-8.2,0
94,Vernon Carey Jr.,C,20,CHO,4,17,17.2,0.546,0,0.5,18.3,12.6,15.5,0,2.8,0,12,20.8,,0,0,0,0.099,,-2.8,-5.2,-7.9,0
94,Vernon Carey Jr.,C,20,WAS,1,1,0,,,,0,0,0,0,0,0,,0,,0,0,0,-0.01,,-6.2,-5.8,-12,0
95,Jevon Carter,PG,26,TOT,62,843,10,0.549,0.682,0.075,1.7,11,6.5,13.8,1.1,1.4,11.8,14.3,,0.6,0.6,1.1,0.065,,-1.5,-0.6,-2.1,0
95,Jevon Carter,PG,26,BRK,46,552,6.6,0.462,0.73,0.057,1.8,11.2,6.6,10.9,1.2,1.6,12.7,15.9,,-0.4,0.4,-0.1,-0.007,,-3.5,-0.9,-4.4,-0.3
95,Jevon Carter,PG,26,MIL,16,291,16.5,0.773,0.554,0.123,1.5,10.7,6.2,19.2,1,1,9.3,11.1,,1,0.2,1.2,0.2,,2.4,0,2.4,0.3
96,Wendell Carter Jr.,C,22,ORL,62,1852,18.4,0.601,0.313,0.303,7.9,29.1,18.5,15.5,0.9,2.1,13.1,20.8,,2.7,2.4,5.1,0.132,,1,0.5,1.6,1.7
97,Alex Caruso,SG,27,CHI,40,1125,12,0.539,0.484,0.292,3.2,11.2,7.2,18,3.1,1.2,16.8,13.3,,0.8,1.3,2.1,0.088,,-2,2.4,0.4,0.7
98,Willie Cauley-Stein,C,28,TOT,20,183,8.3,0.474,0.057,0.057,7.8,16.4,12.1,7.5,1.7,1.5,16.3,10.6,,0,0.3,0.2,0.064,,-4.1,1.1,-3,0
98,Willie Cauley-Stein,C,28,DAL,18,177,8.5,0.474,0.057,0.057,8.1,15.7,11.9,7.1,1.7,1.5,16.3,10.9,,0,0.2,0.2,0.062,,-4.1,0.9,-3.2,-0.1
98,Willie Cauley-Stein,C,28,PHI,2,6,4.2,,,,0,36.6,18.6,20.6,0,0,,0,,0,0,0,0.137,,-4.6,5.8,1.3,0
99,Ahmad Caver,PG,25,IND,1,1,76.7,1,0,0,0,0,0,0,0,0,0,42.9,,0,0,0,1.214,,30.2,6.4,36.5,0
100,Justin Champagnie,SF,20,TOR,35,274,13.5,0.566,0.4,0.138,13.9,13.7,13.8,5.5,1.3,1.4,9.2,11.9,,0.5,0.3,0.8,0.141,,-1.3,-0.8,-2.1,0
101,Zylan Cheatham,SF,26,UTA,1,5,-23.8,0,0.667,0,0,0,0,0,0,0,0,26.2,,-0.1,0,-0.1,-0.618,,-19.2,-11.4,-30.6,0
102,Chris Chiozza,PG,26,GSW,34,372,4.5,0.407,0.654,0.037,2.7,7.7,5.3,22.6,1.7,0,28,13.4,,-0.5,0.4,0,-0.006,,-5.7,-0.3,-6.1,-0.4
103,Marquese Chriss,PF,24,DAL,31,310,14.5,0.508,0.198,0.207,10.3,25.2,17.7,8.7,2,3.5,11.4,21.6,,0,0.6,0.6,0.095,,-4,0.5,-3.6,-0.1
104,Josh Christopher,SG,20,HOU,70,1224,11.9,0.526,0.376,0.214,4.5,10.7,7.6,17.7,2.3,0.8,17.4,21,,-0.4,0.6,0.2,0.006,,-2.3,-1.4,-3.7,-0.5
105,Gary Clark,PF,27,NOP,34,331,10.7,0.528,0.829,0.105,5.6,21.3,13.3,5.6,1.6,2,8.1,11.3,,0.2,0.4,0.6,0.089,,-0.4,0.2,-0.1,0.2
106,Brandon Clarke,PF,25,MEM,61,1195,23.6,0.655,0.052,0.301,11.3,18,14.6,10.3,1.4,5.1,6.6,17.7,,4.2,1.9,6,0.242,,3,1,4.1,1.8
107,Jordan Clarkson,SG,29,UTA,75,2030,14.8,0.53,0.533,0.155,3.5,9.9,6.8,13.8,1.5,0.7,9.6,27.1,,1.3,1.7,3.1,0.072,,0.4,-1.4,-1,0.5
108,Nic Claxton,C,22,BRK,43,885,18.9,0.67,0,0.365,10.4,18.6,14.6,6.3,1.3,4.9,10.8,15.3,,2.1,1,3.2,0.171,,0.5,0.1,0.6,0.6
109,Amir Coffey,SG,24,LAC,65,1509,12.7,0.593,0.546,0.256,1.7,10.9,6.4,11.2,1.2,0.8,7.9,15.5,,2.1,1.3,3.4,0.109,,-0.6,-0.1,-0.6,0.5
110,John Collins,PF,24,ATL,54,1663,18.7,0.61,0.273,0.262,6.2,21.5,13.9,9,1,3,7.7,20.4,,3.7,1.4,5.1,0.146,,1.5,-0.1,1.5,1.5
111,Zach Collins,PF,24,SAS,23,393,15.2,0.569,0.283,0.375,10.3,21,15.6,16.5,1.1,3.8,20,18.7,,0.3,0.5,0.8,0.099,,-1.9,0.5,-1.3,0.1
112,Darren Collison,PG,34,LAL,3,37,-0.2,0.286,0.429,0,0,11.6,5.8,6.8,1.3,0,12.5,9.3,,-0.1,0,-0.1,-0.07,,-10,-0.9,-11,-0.1
113,Mike Conley,PG,34,UTA,69,1965,17.5,0.576,0.528,0.204,2.7,8.7,5.8,27.4,2.3,0.9,12.3,20.8,,4.5,2,6.5,0.159,,2.6,0.5,3.1,2.5
114,Pat Connaughton,SG,29,MIL,61,1607,13.5,0.623,0.745,0.108,2.8,14.1,8.6,6.7,1.6,0.8,6.3,14,,2.7,1.5,4.2,0.127,,0.8,0.3,1.1,1.3
115,Tyler Cook,PF,24,CHI,19,196,13,0.645,0,0.861,9.2,20.4,14.9,2,1,1.8,12.4,12.8,,0.3,0.2,0.5,0.129,,-2.9,-1.1,-3.9,-0.1
116,Sharife Cooper,PG,20,ATL,11,35,-6,0.25,0.429,0,0,15.5,7.8,18.4,0,0,26.3,23.7,,-0.2,0,-0.2,-0.33,,-11.8,-5.4,-17.2,-0.1
117,Petr Cornelie,PF,26,DEN,13,38,9.7,0.418,0.533,0.267,21.3,19.9,20.6,10.8,1.3,2.4,19.3,24,,-0.1,0,0,-0.013,,-6.1,-2.8,-8.8,-0.1
118,DeMarcus Cousins,C,31,TOT,44,668,17.8,0.564,0.38,0.373,11.3,29.6,20.7,14.5,2.5,2.5,18.4,27.9,,0.2,1.2,1.4,0.099,,-2,0.3,-1.8,0
118,DeMarcus Cousins,C,31,MIL,17,287,19.1,0.572,0.407,0.322,9.1,26.7,18.1,9.3,2.7,2.7,10.6,22.4,,0.5,0.5,1,0.164,,-0.3,0.9,0.6,0.2
118,DeMarcus Cousins,C,31,DEN,27,381,16.8,0.559,0.363,0.407,13,31.8,22.7,18.3,2.3,2.4,22.7,32,,-0.3,0.7,0.4,0.049,,-3.4,-0.2,-3.5,-0.1
119,Robert Covington,PF-SF,31,TOT,67,1866,12.3,0.569,0.676,0.129,3.1,18.7,10.8,6.8,2.6,4.6,12.8,13.3,,0.7,2.2,3,0.077,,-1.6,1.7,0.1,1
119,Robert Covington,PF,31,POR,48,1431,10,0.519,0.685,0.107,3,18.5,10.5,6.6,2.5,4.3,14.2,12.4,,-0.2,1.4,1.2,0.039,,-2.8,1.6,-1.2,0.3
119,Robert Covington,SF,31,LAC,19,435,19.8,0.69,0.654,0.184,3.5,19.3,11.6,7.3,2.8,5.3,9.3,16.4,,1,0.8,1.8,0.2,,2.1,2.2,4.3,0.7
120,Torrey Craig,SF,31,TOT,73,1497,10.9,0.55,0.517,0.128,5.8,15.9,10.9,7.7,1.4,1.9,12.5,14.1,,0.9,1.3,2.2,0.069,,-1.8,-0.1,-1.9,0
120,Torrey Craig,SF,31,IND,51,1034,10.9,0.555,0.491,0.125,6.3,14.9,10.5,7.7,1.1,1.6,11.6,13.9,,0.8,0.5,1.3,0.059,,-1.5,-0.6,-2.2,-0.1
120,Torrey Craig,SF,31,PHO,22,463,10.9,0.54,0.576,0.136,4.8,18.2,11.7,7.7,1.9,2.7,14.2,14.4,,0.1,0.8,0.9,0.092,,-2.3,1.1,-1.3,0.1
121,Jae Crowder,PF,31,PHO,65,1837,11.4,0.548,0.671,0.169,1.8,17.7,10,8.1,2.4,1.4,8.9,14.6,,1,3.3,4.3,0.112,,-1.2,2.3,1.1,1.5
122,Jarrett Culver,SG,22,MEM,36,307,9.5,0.44,0.345,0.244,4.3,11.5,7.8,13.8,3,1.5,12,20,,-0.3,0.5,0.2,0.029,,-5.2,0.9,-4.3,-0.2
123,Jarron Cumberland,SG,24,POR,3,12,8.4,0.5,0.5,0,8.8,19,13.7,11.5,0,0,0,7.2,,0,0,0,0.08,,-4.3,-2.3,-6.7,0
124,Cade Cunningham,PG,20,DET,62,2011,13.3,0.506,0.356,0.156,2.9,16.1,9.2,28.9,1.8,1.8,17.4,27.4,,-2.1,1.9,-0.2,-0.005,,-1,-0.4,-1.4,0.3
125,Seth Curry,SG,31,TOT,62,2076,13.7,0.614,0.501,0.126,1.1,9.2,5.2,16.5,1.2,0.6,12.4,18.6,,2.6,1.5,4.1,0.094,,0.2,-0.9,-0.7,0.7
125,Seth Curry,SG,31,PHI,45,1566,13.4,0.603,0.473,0.138,1.2,9.4,5.4,17.9,1.1,0.6,13,18.5,,1.7,1.2,2.9,0.09,,-0.1,-0.9,-1.1,0.4
125,Seth Curry,SG,31,BRK,17,510,14.5,0.643,0.578,0.094,0.7,8.6,4.7,12.3,1.5,0.5,10.7,18.9,,0.8,0.3,1.1,0.106,,1.4,-0.9,0.5,0.3
126,Stephen Curry,PG,33,GSW,64,2211,21.5,0.601,0.613,0.243,1.7,14.4,8.3,30.6,1.9,1,13.2,30.8,,4.7,3.3,8,0.173,,5.4,0.3,5.7,4.3
127,Anthony Davis,C,28,LAL,38,1334,24,0.581,0.104,0.362,8.4,21.5,15,14.3,1.7,5.8,9.4,26.9,,2.6,1.9,4.4,0.159,,2.5,1.1,3.7,1.9
128,Ed Davis,C,32,CLE,29,194,9.6,0.632,0,0.875,8.2,27.9,18.2,4,0.8,4.1,18.4,6.2,,0.2,0.3,0.5,0.129,,-4.3,2.5,-1.8,0
129,Terence Davis,SG,24,SAC,30,536,14.6,0.543,0.558,0.165,2.2,17.1,9.5,11.8,2.2,1.8,10.3,25.5,,0,0.5,0.5,0.046,,-0.5,-0.4,-0.9,0.2
130,Gabriel Deck,PF,26,OKC,7,56,11.6,0.643,0.286,0,1.8,9.3,5.5,13.8,0.9,0,12.5,12.3,,0.1,0,0.1,0.082,,-1.2,-1.3,-2.5,0
131,Dewayne Dedmon,C,32,MIA,66,1050,16,0.633,0.16,0.34,11.5,29.4,20.6,6.6,1.1,4.1,17.2,17,,1.5,2,3.5,0.16,,-2.1,1,-1.1,0.2
132,Sam Dekker,PF,27,TOR,1,1,0,,,,0,0,0,0,0,0,,0,,0,0,0,0.003,,-6.1,-3.4,-9.5,0
133,Javin DeLaurier,C,23,MIL,1,3,15.7,,,,0,34.5,17.6,0,16,0,,0,,0,0,0,0.261,,-4.7,11.7,6.9,0
134,DeMar DeRozan,PF,32,CHI,73,2643,23.3,0.59,0.093,0.39,2.3,14,8.2,23.4,1.2,0.8,8.9,31.8,,7,1.8,8.9,0.161,,3.5,-0.9,2.7,3.1
135,Mamadi Diakite,PF,25,OKC,13,188,11.7,0.54,0.106,0.234,9.1,23.2,16.1,1.6,1.3,4.5,11.9,13.5,,0.1,0.3,0.3,0.082,,-5.9,0.9,-5,-0.1
136,Cheick Diallo,C,25,DET,3,31,12.4,0.517,0,0.75,13.3,29.4,20.9,0,1.6,0,8.6,16.1,,0,0,0.1,0.11,,-4.2,-3.3,-7.6,0
137,Hamidou Diallo,SG,23,DET,58,1269,15.8,0.541,0.177,0.266,5.6,18.7,11.8,9.8,2.7,1.2,9,21.8,,0.7,1.5,2.2,0.083,,-1.2,0.7,-0.5,0.5
138,Gorgui Dieng,C,32,ATL,43,370,17.6,0.634,0.6,0.236,9.5,26.1,17.9,12.8,1.5,3.1,14.1,16.7,,0.8,0.4,1.2,0.16,,1.6,0.8,2.4,0.4
139,Spencer Dinwiddie,PG,28,TOT,63,1902,14.9,0.537,0.448,0.342,2.5,13.1,7.9,25.7,1.1,0.5,10.8,21.4,,2.5,1.3,3.8,0.095,,0.6,-0.5,0.1,1
139,Spencer Dinwiddie,PG,28,WAS,44,1330,13.3,0.501,0.459,0.291,3,14,8.6,27.6,1,0.4,11.6,21,,1,0.7,1.7,0.061,,-0.2,-0.7,-0.9,0.4
139,Spencer Dinwiddie,PG,28,DAL,19,572,18.6,0.613,0.423,0.46,1.3,11.1,6.2,21.2,1.2,0.8,8.8,22.3,,1.5,0.6,2.1,0.174,,2.5,0.1,2.6,0.7
140,Donte DiVincenzo,SG,25,TOT,38,899,11.6,0.508,0.646,0.236,4.8,13.8,9.3,16.1,2.3,0.8,15.7,18.5,,0,0.8,0.8,0.044,,-1.6,-0.4,-2,0
140,Donte DiVincenzo,SG,25,MIL,17,341,8,0.47,0.627,0.229,5.7,12.7,9.3,11.4,1.6,0.8,17.7,19.8,,-0.4,0.3,-0.1,-0.008,,-3.8,-1.7,-5.5,-0.3
140,Donte DiVincenzo,SG,25,SAC,21,558,13.7,0.533,0.659,0.24,4.2,14.4,9.2,19,2.8,0.8,14.3,17.7,,0.4,0.5,0.9,0.075,,-0.3,0.4,0.1,0.3
141,Luka Dončić,PG,22,DAL,61,2169,24.8,0.569,0.401,0.335,2.7,25.9,14.2,45.2,1.6,1.4,15.2,37.1,,3.4,3.5,6.9,0.153,,6.4,1.8,8.2,5.6
142,Luguentz Dort,SF,22,OKC,51,1665,12.3,0.541,0.539,0.263,2.3,10.9,6.5,8.6,1.3,1,9.8,23.3,,0.3,1.2,1.5,0.042,,-1.5,-0.8,-2.3,-0.1
143,Ayo Dosunmu,SG,22,CHI,73,1990,11,0.593,0.356,0.138,1.4,9.8,5.6,16.5,1.3,1.3,15.2,13.7,,1.7,1.3,3,0.073,,-1.9,0,-2,0
144,Damyean Dotson,SG,27,NYK,2,21,6.4,0.5,0.25,0,0,10.5,5.1,7,0,0,0,8.3,,0,0,0,0.041,,-3.7,-1.3,-5,0
145,Devon Dotson,PG,22,CHI,11,85,9.9,0.538,0.391,0.391,1.3,10.5,5.9,23.9,0.6,0,15.6,16.6,,0.1,0,0.1,0.051,,-3.4,-1.5,-4.9,-0.1
146,Sekou Doumbouya,PF,21,LAL,2,16,40.9,0.717,0.25,0.5,13.5,26.8,20.1,0,9,11.2,17,31.6,,0,0.1,0.1,0.302,,8.8,10,18.8,0.1
147,Jeff Dowtin,PG,24,TOT,9,108,6.8,0.353,0.346,0.077,7.9,9.8,8.9,12.7,2.2,0.9,15.7,12.8,,-0.1,0.1,0,-0.01,,-5.7,0.1,-5.6,-0.1
147,Jeff Dowtin,PG,24,GSW,4,28,9.6,0.5,0.167,0,4,22.7,13.6,14.6,0,3.4,14.3,10.9,,0,0,0.1,0.087,,-4.3,0.6,-3.6,0
147,Jeff Dowtin,PG,24,MIL,1,3,-12.9,0,1,0,0,0,0,0,0,0,0,14.2,,0,0,0,-0.345,,-15.7,-6.9,-22.6,0
147,Jeff Dowtin,PG,24,ORL,4,77,6.5,0.327,0.368,0.105,9.6,5.5,7.6,12.5,3.1,0,16.8,13.4,,-0.1,0.1,-0.1,-0.032,,-5.8,0.1,-5.7,-0.1
148,PJ Dozier,SG,25,DEN,18,340,8.7,0.463,0.485,0.131,4.8,15.6,10.3,11.3,1.6,1.6,11,15.2,,-0.1,0.4,0.3,0.039,,-2.9,0.9,-2,0
149,Goran Dragić,PG,35,TOT,21,498,10,0.474,0.417,0.219,2.9,11.3,7.1,22.9,1.9,0.7,17,17.2,,-0.1,0.4,0.3,0.033,,-2.8,-0.5,-3.3,-0.2
149,Goran Dragić,PG,35,TOR,5,90,16.2,0.521,0.412,0.294,2.3,15.2,8.4,14.4,2.8,1.1,2.5,18.8,,0.2,0.1,0.3,0.164,,-0.6,2.6,2,0.1
149,Goran Dragić,PG,35,BRK,16,408,8.6,0.46,0.419,0.197,3,10.5,6.8,24.8,1.7,0.7,20.6,16.9,,-0.2,0.3,0,0.005,,-3.3,-1.2,-4.5,-0.3
150,Andre Drummond,C,28,TOT,69,1355,20.7,0.569,0.008,0.407,17.6,34,25.9,14.2,2.7,4.2,19.1,18.8,,1.8,2.9,4.7,0.166,,-0.3,1.4,1.2,1.1
150,Andre Drummond,C,28,PHI,49,902,19.4,0.544,0.008,0.345,17,36.1,26.7,16.1,3.1,4.5,22.4,17.6,,0.7,2.2,2.9,0.155,,-1.2,2.4,1.3,0.7
150,Andre Drummond,C,28,BRK,20,453,23.1,0.604,0.006,0.5,18.6,29.7,24.3,10.4,2,3.6,13.9,21.3,,1,0.7,1.8,0.189,,1.5,-0.6,1,0.3
151,Chris Duarte,SG,24,IND,55,1541,12.4,0.537,0.411,0.18,2.9,13.6,8.2,10.9,1.8,0.6,11.8,21.2,,0.3,0.8,1,0.032,,-1.1,-1.1,-2.2,-0.1
152,David Duke Jr.,PG,22,BRK,21,340,10.1,0.444,0.343,0.194,9.8,11.6,10.7,6.6,2,1.8,7.1,16,,0,0.3,0.3,0.047,,-2.9,-0.9,-3.9,-0.2
153,Kris Dunn,PG,27,POR,11,259,15.6,0.545,0.086,0.173,2,12.8,7.2,34.8,3.8,1.1,20.2,18.2,,0.2,0.2,0.4,0.083,,-3,0,-2.9,-0.1
154,Kevin Durant,PF,33,BRK,51,1886,26,0.637,0.264,0.355,1.5,19.6,10.8,28.6,1.2,2.2,12.5,31.5,,6,1.8,7.8,0.199,,6.6,0.7,7.3,4.4
155,Jaime Echenique,C,24,WAS,1,3,0,,,,0,0,0,0,0,0,,0,,0,0,0,-0.01,,-5.4,-3,-8.4,0
156,Anthony Edwards,SG,20,MIN,68,2341,16,0.555,0.483,0.22,2.6,12.5,7.5,17.1,2.1,1.9,12.5,26.2,,1.4,2.4,3.8,0.078,,1.4,-0.3,1.1,1.8
157,Kessler Edwards,SF,21,BRK,44,882,8.4,0.525,0.521,0.068,4.8,13.9,9.4,4,1.5,2,13.8,13.8,,-0.2,0.8,0.6,0.031,,-3,-0.8,-3.8,-0.4
158,Rob Edwards,SG,25,OKC,2,11,-0.8,0.375,1,0,0,28.3,14,0,0,0,20,19.6,,-0.1,0,0,-0.179,,-8.3,-2.9,-11.2,0
159,CJ Elleby,SF,21,POR,53,1026,9,0.476,0.399,0.278,6.4,16,11,10.7,1.5,1.5,14,15,,-0.2,0.4,0.3,0.013,,-3.9,-1.5,-5.4,-0.9
160,Wayne Ellington,SG,34,LAL,40,742,9.8,0.588,0.897,0.023,1.5,8.4,4.9,5.3,1.5,0.5,6.9,13.4,,0.6,0.4,1,0.062,,-0.8,-0.4,-1.2,0.1
161,Joel Embiid,C,27,PHI,64,2146,31,0.612,0.19,0.602,7.1,30.7,19.1,24.2,1.7,3.8,11.2,37,,7.3,3.9,11.2,0.251,,7.2,2.1,9.3,6.1
162,James Ennis III,SF,31,TOT,7,56,17.8,0.553,0.333,0.208,9.9,13.2,11.6,7.5,1.7,3.1,7.1,22,,0.1,0.1,0.1,0.112,,-0.1,-1,-1.1,0
162,James Ennis III,SF,31,BRK,2,14,14.7,0.357,0.286,0,15.9,22.9,19.4,0,3.5,6.4,0,21.5,,0,0,0,0.032,,-0.5,-0.6,-1.1,0
162,James Ennis III,SF,31,LAC,2,28,26.4,0.784,0.364,0.364,7.8,11.1,9.5,0,1.8,3.1,7.3,21.6,,0.1,0,0.2,0.275,,3.7,0.2,3.9,0
162,James Ennis III,SF,31,DEN,3,14,3.7,0.311,0.333,0.167,8.2,7.7,8,29.9,0,0,13.4,23.4,,0,0,0,-0.133,,-7.2,-4,-11.2,0
163,Drew Eubanks,C,24,TOT,67,1121,18.1,0.633,0.058,0.367,11.5,22.4,16.8,10.8,1.1,2.8,16.1,17.2,,2.1,1,3.1,0.134,,-0.4,-0.8,-1.2,0.2
163,Drew Eubanks,C,24,SAS,49,595,16,0.588,0.05,0.497,11.1,23.5,17.3,11.1,1,4.2,19.2,17,,0.6,0.8,1.4,0.113,,-1.9,0.6,-1.3,0.1
163,Drew Eubanks,C,24,POR,18,526,20.4,0.68,0.065,0.244,11.9,21.2,16.4,10.4,1.2,1.3,12.7,17.5,,1.5,0.3,1.7,0.157,,1.4,-2.4,-1,0.1
164,Tacko Fall,C,26,CLE,11,59,11.3,0.398,0,0.583,13.4,29.3,21.5,4.6,0,9.1,16.6,13.5,,-0.1,0.1,0.1,0.045,,-4.2,0.8,-3.4,0
165,Derrick Favors,C,30,OKC,39,653,13.6,0.534,0.088,0.137,9,20,14.4,5.9,1.3,1.7,4.5,13.3,,0.8,0.7,1.5,0.108,,-2.3,0.2,-2.1,0
166,Bruno Fernando,C,23,TOT,30,152,21.2,0.671,0.036,0.436,13,26.6,19.8,7.6,0.3,6.5,17.6,22.4,,0.2,0.2,0.4,0.141,,-0.4,0.2,-0.2,0.1
166,Bruno Fernando,C,23,BOS,20,58,12.7,0.586,0.071,0.357,13.3,14.6,14,9.7,0,4.7,23.6,16.1,,0,0.1,0.1,0.101,,-3.2,0.3,-2.9,0
166,Bruno Fernando,C,23,HOU,10,94,26.5,0.699,0.024,0.463,12.8,34,23.3,6.3,0.5,7.6,15.4,26.3,,0.2,0.1,0.3,0.166,,1.3,0.1,1.5,0.1
167,Dorian Finney-Smith,PF,28,DAL,76,2516,12.1,0.591,0.622,0.122,5.2,10.7,7.9,8,1.6,1.3,10.2,13.9,,2.9,3,5.8,0.111,,-0.2,0.6,0.4,1.5
168,Malik Fitts,PF,24,TOT,12,46,-0.3,0.346,0.615,0,0,30,15.5,0,0,0,13.3,14.3,,-0.1,0.1,-0.1,-0.086,,-7.1,-2.4,-9.5,-0.1
168,Malik Fitts,PF,24,UTA,7,35,-1.6,0.333,0.444,0,0,30.4,15.7,0,0,0,18.2,13.7,,-0.1,0,-0.1,-0.108,,-7.9,-2,-9.9,-0.1
168,Malik Fitts,PF,24,BOS,5,11,3.8,0.375,1,0,0,28.8,14.7,0,0,0,0,16,,0,0,0,-0.016,,-4.6,-3.8,-8.4,0
169,Malachi Flynn,PG,23,TOR,40,479,12.5,0.503,0.5,0.142,1.9,11.4,6.4,18.8,1.9,0.8,6,16.4,,0.6,0.5,1.1,0.106,,-1.4,0.5,-0.9,0.1
170,Bryn Forbes,SG,28,TOT,73,1243,11.4,0.571,0.543,0.153,0.9,7,4,8.4,0.9,0.3,9,21.2,,0.7,0.6,1.3,0.05,,-0.8,-2.2,-3,-0.3
170,Bryn Forbes,SG,28,SAS,40,676,12.4,0.572,0.51,0.166,0.6,9.3,4.9,8.5,1.2,0.4,9.4,21.8,,0.4,0.4,0.8,0.053,,-0.3,-1.4,-1.7,0
170,Bryn Forbes,SG,28,DEN,33,567,10.2,0.569,0.586,0.137,1.2,4.4,2.9,8.2,0.6,0.3,8.4,20.4,,0.3,0.2,0.5,0.046,,-1.4,-3.1,-4.5,-0.3
171,Aleem Ford,SF,24,ORL,5,74,0.5,0.35,0.75,0,2.9,18.6,10.7,3.8,0.7,0,16.7,14,,-0.2,0.1,-0.2,-0.102,,-9.1,-2.2,-11.3,-0.2
172,Trent Forrest,PG,23,UTA,59,753,10.9,0.548,0.176,0.314,3.5,10.6,7.1,18.5,2,0.6,20.9,12.8,,0.5,0.7,1.3,0.082,,-2.3,1.2,-1.1,0.2
173,Evan Fournier,SG,29,NYK,76,2254,12.6,0.56,0.637,0.12,1.5,8,4.7,11.7,1.6,0.8,9.6,21,,1.6,1.9,3.5,0.074,,-0.1,-0.5,-0.7,0.7
174,De'Aaron Fox,PG,24,SAC,59,2083,17.5,0.549,0.228,0.319,1.3,10.9,6,26.7,1.6,1,11.9,29.1,,1.7,1,2.7,0.061,,0.6,-1.3,-0.6,0.7
175,Tim Frazier,PG,31,TOT,12,208,3.3,0.398,0.378,0.2,2.5,7.1,4.8,22.5,0.7,0.4,23.5,13.3,,-0.3,0.1,-0.2,-0.045,,-6.8,-1.8,-8.6,-0.3
175,Tim Frazier,PG,31,ORL,10,200,3.9,0.394,0.395,0.209,2.6,7.4,5,22.7,0.7,0.5,21.7,13,,-0.2,0.1,-0.1,-0.036,,-6.4,-1.7,-8,-0.3
175,Tim Frazier,PG,31,CLE,2,8,-10.3,0.5,0,0,0,0,0,17.9,0,0,50,22.1,,0,0,0,-0.281,,-17.8,-5.8,-23.5,0
176,Enes Freedom,C,29,BOS,35,411,15.1,0.585,0.052,0.289,16.4,25.5,21,2.8,0.6,3.1,15.5,13.9,,0.6,0.7,1.4,0.16,,-1.2,-0.3,-1.5,0.1
177,Markelle Fultz,PG,23,ORL,14,261,18.1,0.506,0.083,0.212,1.6,13.4,7.5,45,3.2,1.8,16.2,28.6,,-0.1,0.4,0.3,0.05,,0.2,1.4,1.6,0.2
178,Wenyen Gabriel,PF,24,TOT,21,258,11.7,0.517,0.313,0.349,13.4,18.1,15.8,4.9,0.9,2,11.1,18,,0.2,0.2,0.4,0.076,,-4.3,-2.4,-6.7,-0.3
178,Wenyen Gabriel,PF,24,BRK,1,1,11.8,,,,0,100,54.4,0,0,0,,0,,0,0,0,0.166,,-1.9,0.2,-1.7,0
178,Wenyen Gabriel,PF,24,LAC,6,46,8.3,0.474,0.385,0.308,11.9,20.3,16.2,6.1,1.1,3.7,16.9,17,,0,0.1,0,0.038,,-6.6,-0.9,-7.6,-0.1
178,Wenyen Gabriel,PF,24,LAL,14,211,12.4,0.525,0.3,0.357,13.8,17.3,15.5,4.7,0.9,1.7,10,18.4,,0.2,0.2,0.4,0.084,,-3.8,-2.8,-6.6,-0.3
179,Daniel Gafford,C,23,WAS,67,1336,21.6,0.705,0.003,0.356,12.4,19.2,15.9,7.5,1,5.9,12.7,16.5,,3.9,1.6,5.5,0.198,,1,0.5,1.5,1.2
180,Danilo Gallinari,PF,33,ATL,63,1573,14.1,0.572,0.492,0.277,2.2,17.9,10.2,8.8,0.8,0.6,5.2,18.2,,2.6,0.8,3.4,0.102,,0.8,-1.2,-0.4,0.6
181,Langston Galloway,SG,30,TOT,7,107,0.7,0.269,0.615,0,3.1,14.7,9,13.7,0.4,0,18.8,12.8,,-0.3,0.1,-0.2,-0.101,,-8,-1.8,-9.8,-0.2
181,Langston Galloway,SG,30,BRK,4,58,1.9,0.462,0.615,0,1.9,12.9,7.5,11,0,0,27.8,13.4,,-0.1,0,-0.1,-0.074,,-7.6,-2.9,-10.5,-0.1
181,Langston Galloway,SG,30,MIL,3,49,-0.6,0.077,0.615,0,4.4,16.9,10.8,17,1,0,7.1,12.2,,-0.2,0,-0.1,-0.132,,-8.5,-0.6,-9.1,-0.1
182,Darius Garland,PG,22,CLE,64,2288,18.8,0.576,0.393,0.205,1.8,8.3,5.1,40.6,1.8,0.3,16.9,27.9,,3.4,2.4,5.8,0.122,,3.3,-0.9,2.5,2.6
183,Marcus Garrett,SG,23,MIA,12,128,4.7,0.28,0.19,0.238,8.1,12.2,10.2,7.1,2,2.5,7.9,8.8,,-0.1,0.2,0.1,0.033,,-6.4,1,-5.4,-0.1
184,Usman Garuba,PF,19,HOU,20,183,12,0.46,0.486,0.2,8.9,28.3,18.6,8.8,2.1,4.4,11.6,10,,0.1,0.2,0.3,0.08,,-2.1,0.7,-1.4,0
185,Luka Garza,C,23,DET,31,358,15.1,0.542,0.326,0.426,14.7,12.4,13.6,7.1,1.2,1.3,10,20.4,,0.5,0.2,0.7,0.095,,-0.9,-1.8,-2.7,-0.1
186,Rudy Gay,PF,35,UTA,52,981,13,0.537,0.54,0.211,6.3,19,12.8,7.5,1.3,1.4,10.2,19.6,,0.8,1.1,1.9,0.092,,-0.7,-0.5,-1.3,0.2
187,Paul George,SF,31,LAC,28,987,18.1,0.532,0.394,0.227,1.2,18.9,10.3,27.1,3,1,15,34.4,,-0.8,1.6,0.8,0.04,,1.3,1.6,3,1.2
188,Taj Gibson,C,36,NYK,48,875,11.8,0.615,0.23,0.324,9.5,16.6,13,4.6,1.1,4.2,12.4,9.7,,1.3,1.1,2.4,0.132,,-3,0.8,-2.2,0
189,Josh Giddey,SG,19,OKC,54,1700,13.3,0.478,0.318,0.118,5.8,19.7,12.7,32.4,1.5,1.1,19.5,22.2,,-1.3,1.8,0.5,0.013,,-1.2,0.3,-1,0.4
190,Shai Gilgeous-Alexander,PG,23,OKC,56,1942,21,0.557,0.282,0.385,1.9,12.9,7.3,31.2,1.8,2.2,11.1,30.8,,2.8,1.9,4.7,0.116,,2.9,0.5,3.4,2.7
191,Anthony Gill,PF,29,WAS,40,390,15.8,0.731,0.244,0.512,7.8,12.5,10.2,8.1,0.5,2.4,11.7,13.6,,1.1,0.2,1.3,0.164,,-0.2,-0.9,-1.1,0.1
192,Freddie Gillespie,PF,24,ORL,9,119,9.5,0.419,0.045,0.318,11.5,20.5,16,5.9,1.2,6.9,16.6,10.9,,-0.1,0.2,0.1,0.05,,-5.5,1,-4.6,-0.1
193,Rudy Gobert,C,29,UTA,62,1997,24.6,0.73,0.008,0.824,12.9,36.5,25.1,5,1.1,5.8,14.4,16.6,,6.9,4,10.8,0.261,,2.9,1.7,4.5,3.3
194,Brandon Goodwin,PG,26,CLE,34,492,12.5,0.507,0.362,0.25,3.2,11.6,7.5,26.4,2.5,0.2,16.8,18.2,,0.2,0.7,0.8,0.081,,-2.3,1.2,-1.1,0.1
195,Jordan Goodwin,SG,23,WAS,2,6,-20.5,0,0.333,0,0,18.1,9.2,0,0,0,0,22.2,,-0.1,0,-0.1,-0.53,,-24.6,-9.4,-34.1,0
196,Aaron Gordon,PF,26,DEN,72,2269,15.1,0.598,0.311,0.274,6.1,14,10.2,11.8,0.9,1.7,12.4,19.6,,3,1.9,4.9,0.104,,0.4,-1.1,-0.7,0.7
197,Eric Gordon,SG,33,HOU,57,1669,12.2,0.614,0.534,0.239,1,6.5,3.7,14.1,0.8,1,14.6,18.6,,1.5,0,1.4,0.041,,-0.1,-2.2,-2.3,-0.1
198,Devonte' Graham,PG,26,NOP,72,2088,12,0.511,0.69,0.168,1.9,7.5,4.7,20.9,1.6,0.6,10.6,19.6,,1.4,1.3,2.6,0.061,,0.2,-1.2,-1,0.5
199,Jerami Grant,PF,27,DET,47,1500,16.2,0.556,0.363,0.371,1.9,12.4,6.9,12.5,1.4,3,9.5,25.7,,1.2,1.2,2.4,0.078,,1.4,-0.2,1.2,1.2
200,Hassani Gravett,PG,25,ORL,8,171,10.1,0.629,0.684,0.105,0.6,12.4,6.5,17,1.4,0.5,18.5,12.3,,0.1,0.1,0.3,0.073,,-2.4,0.1,-2.3,0
201,Danny Green,SF,34,PHI,57,1229,9,0.552,0.849,0.041,2.4,9.9,6.2,6,2.1,2.5,11.6,12.3,,0.1,1.4,1.6,0.061,,-1.7,0.8,-0.9,0.3
202,Draymond Green,PF,31,GSW,42,1222,14.2,0.576,0.216,0.385,4,23.1,13.8,32.5,2.2,3.5,32.1,14.2,,0.7,2.5,3.2,0.126,,-1.4,4.5,3.1,1.6
203,Jalen Green,SG,19,HOU,63,1985,12,0.54,0.486,0.242,1.7,10,5.8,13,1,0.8,11.5,23.4,,0.1,0.2,0.4,0.01,,-0.8,-2.3,-3.1,-0.6
204,JaMychal Green,PF,31,DEN,63,1018,14.2,0.586,0.39,0.284,8.5,20.1,14.5,7.3,1.9,2.2,13.3,17.5,,1.1,1.4,2.5,0.118,,-1.9,0.1,-1.8,0
205,Javonte Green,SF,28,CHI,61,1421,14,0.641,0.311,0.311,7,13.2,10.1,5.3,2.1,1.8,7.8,11.6,,2.8,1.4,4.2,0.143,,-0.6,0.6,0,0.7
206,Jeff Green,C,35,DEN,73,1798,12.5,0.623,0.322,0.371,2.6,11,7,7.3,0.8,1.3,10.1,16.4,,2.6,1.2,3.8,0.102,,-1.2,-1.2,-2.5,-0.2
207,Josh Green,SG,21,DAL,63,974,11.7,0.567,0.285,0.178,5.6,11,8.3,11.1,2.2,1.3,13.9,14,,0.8,1.3,2.1,0.104,,-2.6,1.3,-1.3,0.2
208,Blake Griffin,PF,32,BRK,56,958,13.8,0.518,0.463,0.243,7,18.7,12.9,15,1.4,1.3,8.2,17,,1.2,0.9,2.1,0.104,,-0.6,0,-0.6,0.3
209,Quentin Grimes,SG,21,NYK,45,770,11,0.573,0.804,0.083,3.1,9.5,6.3,8.3,2,1.4,10.5,15.2,,0.6,0.8,1.4,0.086,,-1,0.8,-0.2,0.4
210,Kyle Guy,SG,24,MIA,19,186,9.5,0.526,0.615,0.185,2.5,7.8,5.2,13.6,1.9,0.6,15.6,19.9,,-0.1,0.2,0.1,0.036,,-3,-0.3,-3.3,-0.1
211,Rui Hachimura,PF,23,WAS,37,789,15.6,0.595,0.323,0.165,3,15.7,9.4,8.2,1.4,0.9,8.1,20.8,,0.9,0.6,1.4,0.087,,0.6,-1.5,-0.8,0.2
212,Tyrese Haliburton,SG-PG,21,TOT,73,2542,18,0.591,0.435,0.199,2.4,10.2,6.2,33.7,2.5,1.6,16.6,18.9,,4.8,1.8,6.5,0.124,,2.7,0,2.7,3
212,Tyrese Haliburton,SG,21,SAC,51,1757,17.1,0.575,0.43,0.177,2.4,10,6.2,31.3,2.4,1.7,15.4,18.2,,2.8,1.2,4,0.11,,2.2,0.3,2.5,2
212,Tyrese Haliburton,PG,21,IND,22,785,20.2,0.623,0.445,0.245,2.4,10.5,6.4,39,2.7,1.3,19,20.5,,2,0.6,2.5,0.154,,3.7,-0.8,2.9,1
213,Tyler Hall,SG,24,NYK,1,2,0,,,,0,0,0,0,0,0,,0,,0,0,0,0.003,,-8,-0.5,-8.6,0
214,R.J. Hampton,SG,20,ORL,60,1276,8.6,0.484,0.411,0.266,1.6,13.1,7.3,16.3,1.6,0.9,14.5,18,,-1.1,1.1,0,0.001,,-3.8,0.2,-3.7,-0.5
215,Tim Hardaway Jr.,SG,29,DAL,42,1245,12.8,0.52,0.574,0.194,1.1,12.8,6.9,11.5,1.5,0.4,5.6,22,,0.6,1.4,2,0.077,,-0.4,0.1,-0.3,0.6
216,James Harden,PG-SG,32,TOT,61,2261,21.3,0.586,0.447,0.542,2.5,20.4,11.6,39.9,1.7,1.4,18.7,27.6,,4.7,2.6,7.3,0.154,,4,0.5,4.5,3.7
216,James Harden,PG,32,BRK,44,1627,20.5,0.576,0.435,0.496,2.9,20.3,11.7,39.8,1.7,1.7,19.8,28.4,,2.6,1.8,4.4,0.128,,3.8,0.4,4.1,2.5
216,James Harden,SG,32,PHI,17,634,23.3,0.614,0.485,0.681,1.6,20.6,11.2,40,1.9,0.7,15.5,25.7,,2.1,0.8,2.9,0.22,,4.5,1,5.5,1.2
217,Maurice Harkless,SF,28,SAC,47,863,7.7,0.561,0.558,0.155,1.5,12.8,7.1,3.6,1.6,2.4,13.8,11.1,,-0.1,0.6,0.5,0.027,,-3.7,0.4,-3.3,-0.3
218,Jared Harper,PG,24,NOP,2,10,21,0.5,0.286,0,10.9,0,5.5,56.4,0,9.6,12.5,34.5,,0,0,0,0.108,,4.9,-1.6,3.3,0
219,Montrezl Harrell,C,28,TOT,68,1577,23.2,0.675,0.032,0.548,10.1,19,14.6,14,0.8,2.2,9.3,20.4,,5.9,1.2,7.1,0.216,,3.8,0.1,3.9,2.4
219,Montrezl Harrell,C,28,WAS,46,1117,23.9,0.684,0.039,0.535,9.7,20.7,15.3,14,0.8,2.3,9.6,20.8,,4.2,1,5.2,0.222,,4.3,0.6,4.9,2
219,Montrezl Harrell,C,28,CHO,22,460,21.5,0.653,0.013,0.579,11,14.7,12.8,13.9,0.9,1.9,8.6,19.3,,1.7,0.3,1.9,0.201,,2.6,-0.9,1.7,0.4
220,Gary Harris,SG,27,ORL,61,1730,10.9,0.571,0.546,0.172,2.2,5.3,3.7,9.6,1.6,0.5,9.3,16.4,,1.2,1.1,2.2,0.061,,-2,-0.4,-2.4,-0.2
221,Joe Harris,SF,30,BRK,14,423,9.6,0.624,0.71,0.048,1.3,12.9,7.2,4.5,0.8,0.4,11.2,14.5,,0.3,0.2,0.5,0.059,,-0.9,-0.6,-1.4,0.1
222,Tobias Harris,PF,29,PHI,68,2376,16.5,0.569,0.265,0.201,3.5,18.2,11,16.3,0.8,1.5,9.2,21.9,,3.1,2.4,5.5,0.112,,0.9,-0.6,0.3,1.4
223,Shaquille Harrison,SG,28,BRK,2,23,4.6,0.333,0.333,0,4.8,13.9,9.5,16.7,2.1,3.9,25,15,,-0.1,0,0,-0.069,,-8.9,0.6,-8.3,0
224,Josh Hart,SG-SF,26,TOT,54,1791,16.2,0.61,0.374,0.371,3.8,20.5,11.9,18.9,1.7,0.7,14.7,18.7,,2.9,1.6,4.5,0.12,,0.5,0.5,1,1.4
224,Josh Hart,SG,26,NOP,41,1374,15.2,0.604,0.337,0.399,4.2,21.6,12.8,17.7,1.6,0.8,15.1,16.8,,2.1,1.4,3.5,0.122,,-0.2,0.9,0.7,1
224,Josh Hart,SF,26,POR,13,417,19.4,0.622,0.454,0.311,2.3,16.7,9.2,22.9,1.9,0.5,13.7,24.9,,0.8,0.2,1,0.116,,2.9,-1,1.9,0.4
225,Isaiah Hartenstein,C,23,LAC,64,1122,21.9,0.66,0.059,0.363,10.2,18.3,14.4,20.2,2.1,5.6,16.7,18.5,,2.9,1.9,4.8,0.206,,1,3.1,4.1,1.7
226,Udonis Haslem,C,41,MIA,12,63,12.8,0.549,0.115,0.115,7.3,26.5,17.1,7.8,0.8,1.7,12.8,22.1,,0,0.1,0.1,0.082,,-3.8,0.1,-3.8,0
227,Sam Hauser,SF,24,BOS,22,117,14,0.662,0.892,0,3.8,14.5,9.2,5,0.4,1.6,5.1,14.7,,0.2,0.1,0.4,0.156,,2.3,-0.3,2,0.1
228,Jaxson Hayes,C,21,NOP,65,1281,18.3,0.697,0.13,0.499,8.6,15.9,12.2,4.5,1.1,4,11.1,16,,3.4,1.3,4.7,0.177,,0.3,-0.1,0.2,0.7
229,Killian Hayes,PG,20,DET,62,1557,9.3,0.459,0.36,0.16,2.4,12.1,7,24.7,2.3,2,19.3,15.5,,-1,1.5,0.5,0.014,,-4.3,0.9,-3.4,-0.6
230,Gordon Hayward,SF,31,CHO,49,1564,15.1,0.57,0.357,0.241,2.5,12.8,7.6,16.3,1.4,1.3,10.6,20.7,,1.9,1,2.9,0.088,,0.1,-0.8,-0.7,0.5
231,Aaron Henry,SF,22,PHI,6,17,-7.4,0.2,0.2,0,0,6.5,3.3,0,0,10.6,28.6,18.5,,-0.1,0,-0.1,-0.306,,-14,-2.4,-16.5,-0.1
232,Juancho Hernangómez,PF,26,TOT,37,384,10.2,0.516,0.709,0.314,6.3,17.7,12.1,6.2,1.5,2.3,13.3,12.8,,0.1,0.5,0.6,0.075,,-1.5,0.2,-1.4,0.1
232,Juancho Hernangómez,PF,26,BOS,18,96,3.8,0.307,0.667,0.333,10.3,17.6,14.1,4,2.1,1.9,16.2,17,,-0.3,0.2,-0.1,-0.051,,-6.9,-1.5,-8.4,-0.2
232,Juancho Hernangómez,PF,26,SAS,5,51,9,0.451,0.5,0.667,8.1,22.9,15.4,6.8,0.9,1.6,20.5,8.1,,0,0.1,0.1,0.053,,-2.4,-0.2,-2.6,0
232,Juancho Hernangómez,PF,26,UTA,14,237,13.1,0.634,0.755,0.264,4.3,16.6,10.7,6.9,1.5,2.6,10.6,12.2,,0.4,0.3,0.6,0.13,,0.9,0.9,1.8,0.2
233,Willy Hernangómez,C,27,NOP,46,734,22.4,0.591,0.039,0.432,17.9,26.3,22,11.6,1.3,2.4,12.2,22.7,,1.9,0.9,2.8,0.182,,1.7,-1.2,0.5,0.5
234,Tyler Herro,SG,22,MIA,63,2048,16.1,0.556,0.392,0.193,1.7,15.2,8.5,20.4,1,0.4,12.1,28.9,,1.2,2.4,3.5,0.083,,1.5,-0.9,0.6,1.4
235,Buddy Hield,SG,29,TOT,77,2365,12.8,0.547,0.655,0.119,2.8,12.5,7.6,13.5,1.4,0.8,11.6,22.2,,0.8,1,1.9,0.038,,0.5,-1.7,-1.2,0.5
235,Buddy Hield,SG,29,SAC,55,1574,12,0.54,0.714,0.133,2.9,12.5,7.6,9.9,1.5,0.8,10.9,22.4,,0.1,0.7,0.8,0.025,,0.2,-1.5,-1.3,0.3
235,Buddy Hield,SG,29,IND,22,791,14.5,0.563,0.533,0.092,2.6,12.6,7.5,20.7,1.3,0.9,12.9,21.9,,0.8,0.3,1.1,0.064,,1.2,-2.1,-0.9,0.2
236,Haywood Highsmith,SF,25,MIA,17,120,6.9,0.469,0.667,0.148,6.7,13,9.9,3.4,0.8,1.8,6.5,11.4,,0,0.1,0.2,0.062,,-2.7,-0.1,-2.8,0
237,George Hill,SG,35,MIL,50,1187,10.3,0.551,0.487,0.213,3.3,9.7,6.6,12.6,1.5,0.5,11.9,11.8,,1.2,0.9,2.1,0.086,,-2.1,0.5,-1.6,0.1
238,Malcolm Hill,SF-SG,26,TOT,17,197,13.2,0.635,0.694,0.286,6.3,11.8,9.1,3.4,1.5,1.3,3.5,12.8,,0.4,0.1,0.6,0.137,,-0.9,-0.7,-1.6,0
238,Malcolm Hill,SG,26,ATL,3,46,19,0.871,0.625,0.5,4.8,9.4,7.1,2.9,4.3,1.9,0,9.3,,0.2,0.1,0.2,0.252,,0.3,3.5,3.8,0.1
238,Malcolm Hill,SF,26,CHI,14,151,11.5,0.584,0.707,0.244,6.7,12.5,9.7,3.5,0.6,1.1,4.2,13.9,,0.2,0.1,0.3,0.102,,-1.2,-2,-3.2,0
239,Solomon Hill,PF,30,ATL,13,139,3.3,0.2,0.65,0,4.8,13.3,9,10.3,1.4,1.3,4.8,6.6,,-0.1,0.1,0,-0.007,,-5.1,1.1,-4,-0.1
240,Nate Hinton,SG,22,IND,2,2,-45.3,0,0,0,0,0,0,0,0,0,50,42.9,,-0.1,0,-0.1,-1.233,,-28.1,-14.4,-42.5,0
241,Jaylen Hoard,SF,22,OKC,2,42,19.2,0.506,0.3,0.2,16.9,37.1,26.8,10.6,0,4.4,0,11.2,,0.1,0.1,0.2,0.177,,1.6,-0.2,1.3,0
242,Aaron Holiday,PG,25,TOT,58,953,13.1,0.561,0.295,0.188,2.3,10.2,6.4,20.7,2.1,0.8,15.5,18.2,,0.7,0.9,1.6,0.08,,-1.6,0.4,-1.2,0.2
242,Aaron Holiday,PG,25,WAS,41,663,11.3,0.547,0.313,0.164,1.5,9.5,5.6,17.2,1.8,1.1,14.5,18,,0.1,0.4,0.6,0.041,,-2.4,0.3,-2.1,0
242,Aaron Holiday,PG,25,PHO,17,290,17.2,0.591,0.255,0.245,4.2,11.8,8.2,28.7,2.7,0,17.4,18.8,,0.6,0.5,1,0.168,,0.2,0.7,0.9,0.2
243,Jrue Holiday,PG,31,MIL,62,2070,19.8,0.592,0.33,0.19,3.3,10.9,7.2,31.3,2.4,1.2,15.2,23.7,,4.1,2.3,6.4,0.147,,2.7,0.2,3,2.6
244,Justin Holiday,SF-SG,32,TOT,70,1964,9.4,0.538,0.732,0.098,1.6,8.8,5.1,8.5,1.3,1.5,9.3,15.9,,0.6,0.6,1.2,0.031,,-1.5,-0.9,-2.4,-0.2
244,Justin Holiday,SF,32,IND,49,1416,10.3,0.568,0.734,0.09,1.4,9.3,5.3,8.9,1.2,1.1,9.3,15.9,,1.1,0.4,1.5,0.049,,-0.8,-0.8,-1.6,0.1
244,Justin Holiday,SG,32,SAC,21,548,6.8,0.459,0.729,0.119,2,7.4,4.7,7.4,1.4,2.4,9.3,16,,-0.4,0.2,-0.2,-0.018,,-3.3,-1.1,-4.4,-0.3
245,Richaun Holmes,C,28,SAC,45,1074,17.8,0.689,0.017,0.3,9.3,23,16,6.8,0.8,3.3,14.2,15.8,,2.4,0.9,3.2,0.145,,-0.4,-0.2,-0.5,0.4
246,Rodney Hood,SF-SG,29,TOT,49,682,6.9,0.477,0.574,0.11,2.4,9,5.7,6.8,1.1,0.8,6.3,10.9,,0.1,0.4,0.6,0.039,,-3.2,-0.4,-3.6,-0.3
246,Rodney Hood,SF,29,MIL,39,581,6.7,0.47,0.611,0.107,2.4,9.6,6.1,6.6,1,0.7,4.9,10.6,,0.1,0.4,0.5,0.042,,-3.3,-0.3,-3.5,-0.2
246,Rodney Hood,SG,29,LAC,10,101,7.9,0.513,0.375,0.125,2.2,5.1,3.7,8.2,1.5,1.7,13.6,12.8,,0,0.1,0,0.023,,-3,-1,-4.1,0
247,Scotty Hopson,SG,32,OKC,1,18,0.1,0.5,0.25,0,0,5.8,2.8,8.2,0,0,33.3,14.4,,-0.1,0,0,-0.13,,-8.7,-2.8,-11.5,0
248,Al Horford,C,35,BOS,66,1922,16.3,0.563,0.468,0.174,5.9,22.2,14.2,16.5,1.2,4.2,9.7,14.9,,3.3,3.7,7,0.174,,1.2,2.8,4,2.9
249,Talen Horton-Tucker,SG,21,LAL,55,1387,10.2,0.498,0.349,0.215,2.6,10.8,6.7,14.5,1.8,1.8,13,18.6,,-0.4,1.1,0.7,0.024,,-3.5,-0.2,-3.7,-0.6
250,Danuel House Jr.,SF,28,TOT,38,621,10.6,0.551,0.574,0.266,2.7,14.3,8.6,9.4,1.3,2,12.1,14.9,,0.4,0.5,0.9,0.067,,-1.2,0,-1.2,0.1
250,Danuel House Jr.,SF,28,HOU,16,233,6.9,0.467,0.459,0.257,1.9,18.4,10.1,11.6,1,1.9,17.9,18.3,,-0.3,0.1,-0.2,-0.048,,-4.8,-0.7,-5.5,-0.2
250,Danuel House Jr.,SF,28,NYK,1,3,-13.4,0,1,0,0,0,0,0,0,0,0,14.6,,0,0,0,-0.346,,-12.6,-7.9,-20.5,0
250,Danuel House Jr.,SF,28,UTA,21,385,13.1,0.621,0.66,0.277,3.2,11.9,7.7,8.2,1.4,2.1,7.1,12.9,,0.7,0.4,1.1,0.14,,1,0.5,1.5,0.3
251,Dwight Howard,C,36,LAL,56,879,17.8,0.65,0.057,0.639,13.5,25.8,19.7,4.7,1.7,3.5,14.7,14.3,,1.9,1.2,3.1,0.169,,-0.7,0.1,-0.6,0.3
252,Markus Howard,SG,22,DEN,29,149,15.3,0.57,0.732,0.183,0,6.5,3.4,6.2,2.6,0,6.3,27.9,,0.1,0.1,0.2,0.074,,1.2,-1.2,0,0.1
253,Kevin Huerter,SG,23,ATL,70,2068,11.7,0.567,0.538,0.07,1.7,10.8,6.3,12.9,1.2,1.1,10.6,17.5,,1.6,0.9,2.5,0.057,,-0.6,-0.9,-1.5,0.3
254,Jay Huff,C,23,LAL,4,20,0.6,0,0.667,0,5.4,16.1,10.7,5.9,2.4,4.5,25,8.6,,-0.1,0,0,-0.117,,-8.3,0.9,-7.4,0
255,Elijah Hughes,SG-SF,23,TOT,32,367,5.9,0.435,0.667,0.058,1.5,13.7,7.5,7.3,1.6,1.6,9.6,16.1,,-0.4,0.2,-0.2,-0.028,,-4.9,-1.5,-6.4,-0.4
255,Elijah Hughes,SF,23,UTA,14,112,10.5,0.576,0.778,0.083,2,14.2,8.3,7.5,1.8,0.8,15.8,17.3,,0,0.1,0.1,0.06,,-1.2,-0.4,-1.6,0
255,Elijah Hughes,SG,23,POR,18,255,3.8,0.373,0.619,0.048,1.2,13.4,7.1,7.2,1.5,1.9,6.5,15.5,,-0.5,0.1,-0.3,-0.066,,-6.5,-2,-8.6,-0.4
256,De'Andre Hunter,SF,24,ATL,49,1455,11,0.553,0.349,0.293,1.7,10.4,6.1,6.4,1.2,1.2,9.5,19.7,,0.6,0.6,1.2,0.04,,-2.1,-1.4,-3.5,-0.6
257,Chandler Hutchison,SF,25,PHO,6,22,1,0.694,0,1,0,23.7,12.2,10.5,0,0,58.1,13.5,,-0.1,0,0,-0.084,,-7.9,-0.5,-8.4,0
258,Bones Hyland,PG,21,DEN,65,1221,14,0.554,0.626,0.224,1.2,14.8,8.2,20.3,1.5,1.3,12.3,24,,0.9,1.2,2.1,0.082,,0,-0.8,-0.7,0.4
259,Serge Ibaka,C-PF,32,TOT,53,866,14.3,0.575,0.337,0.151,7.5,22.3,15.1,8.5,0.6,3.3,12.2,17.8,,0.8,1.1,1.9,0.104,,-1.4,-0.3,-1.7,0.1
259,Serge Ibaka,C,32,LAC,35,538,14.9,0.567,0.323,0.151,8.1,21.2,14.8,10.3,0.6,4.1,13.9,19.4,,0.3,0.7,1,0.093,,-1.3,0.2,-1.1,0.1
259,Serge Ibaka,PF,32,MIL,18,328,13.3,0.592,0.364,0.152,6.6,24,15.5,5.6,0.6,2,8.7,15.1,,0.5,0.4,0.8,0.121,,-1.6,-1,-2.6,0
260,Andre Iguodala,SF,38,GSW,29,565,12.5,0.488,0.622,0.162,4.2,13.9,9.2,24.6,2.1,3.7,17.9,11.2,,0.5,1,1.5,0.128,,-0.6,3.6,3,0.7
261,Joe Ingles,SF,34,UTA,45,1122,10.1,0.551,0.789,0.077,1.2,11.3,6.4,19,1,0.4,13.5,13.3,,1.3,0.8,2.1,0.091,,-0.7,0.4,-0.3,0.5
262,Brandon Ingram,SF,24,NOP,53,1800,19.1,0.556,0.231,0.32,2.1,16.8,9.4,28,0.9,1.4,11.6,29.5,,2.6,1.4,4,0.106,,2.8,-0.5,2.3,2
263,Kyrie Irving,PG,29,BRK,25,929,21.3,0.59,0.378,0.216,1.6,10.3,6,25.1,1.7,1.5,9.6,29.4,,2.1,0.7,2.8,0.144,,4.2,-1.5,2.7,1.1
264,Wes Iwundu,SF,27,ATL,3,82,7.2,0.557,0.278,0.222,4,13.2,8.7,0,0.6,0,4.8,11.1,,0.1,0,0.1,0.045,,-4,-2.8,-6.8,-0.1
265,Frank Jackson,PG,23,DET,49,1073,10.6,0.532,0.585,0.203,1.5,6.4,3.8,7,1.2,0.8,6.9,21,,0.3,0.4,0.7,0.032,,-1.7,-1.6,-3.3,-0.4
266,Isaiah Jackson,PF,20,IND,32,430,20.5,0.593,0.076,0.424,13.3,20,16.6,3.3,1.9,8.5,13.7,23.3,,0.5,0.6,1.1,0.123,,-1.6,0,-1.7,0
267,Jaren Jackson Jr.,PF,22,MEM,75,2042,17.2,0.536,0.387,0.327,5.9,16.7,11.2,5.8,1.7,7.4,10,25.4,,1.7,3.6,5.3,0.125,,-0.8,0.7,-0.1,1
268,Josh Jackson,SF,24,TOT,47,756,9.6,0.493,0.448,0.252,2.5,16.5,9.2,10.6,1.5,2.5,12.3,19.4,,-0.6,0.7,0.1,0.008,,-3.9,-0.3,-4.1,-0.4
268,Josh Jackson,SF,24,DET,39,707,10,0.501,0.45,0.223,2.5,17.1,9.4,10.7,1.5,2.3,12.1,19,,-0.4,0.6,0.2,0.016,,-3.5,-0.2,-3.7,-0.3
268,Josh Jackson,SF,24,SAC,8,49,5.2,0.412,0.421,0.632,2.2,9,5.5,8.5,2,5.3,14.1,24.7,,-0.2,0,-0.1,-0.106,,-9.1,-1.9,-11,-0.1
269,Justin Jackson,SF,26,TOT,7,37,7.7,0.472,0.6,0.133,3,16.9,10.2,7.1,0,0,5.9,19.7,,0,0,0,0.033,,-2.2,-1.1,-3.3,0
269,Justin Jackson,SF,26,BOS,1,2,22.9,0.532,0,2,0,0,0,0,0,0,0,41.5,,0,0,0,0.253,,1.9,-4.5,-2.6,0
269,Justin Jackson,SF,26,PHO,6,35,6.9,0.464,0.643,0,3.2,17.9,10.8,7.5,0,0,6.7,18.5,,0,0,0,0.02,,-2.4,-0.9,-3.3,0
270,Reggie Jackson,SG,31,LAC,72,2251,12.6,0.492,0.418,0.136,1.9,10.4,6.2,24.8,1.1,0.5,11.6,27.7,,-1.3,1.8,0.5,0.01,,-1,-1.7,-2.7,-0.4
271,LeBron James,SF,37,LAL,56,2084,26.3,0.619,0.367,0.275,3.3,20.4,11.8,30.6,1.7,2.5,12.5,32.3,,5.3,2.3,7.6,0.176,,6.9,0.8,7.6,5.1
272,DeJon Jarreau,SG,24,IND,1,1,0,,,,0,0,0,0,0,0,,0,,0,0,0,-0.02,,-6.5,-1.5,-8,0
273,DaQuan Jeffries,SG,24,MEM,3,9,8.4,0.5,0.5,0,0,23.7,11.6,14,0,0,0,9.1,,0,0,0,0.101,,-5.8,0.9,-4.9,0
274,Ty Jerome,SG,24,OKC,48,801,11.3,0.488,0.567,0.143,2.4,7.7,5,21.4,1.8,0.6,9.6,20.8,,0,0.6,0.6,0.034,,-2.2,-0.2,-2.3,-0.1
275,Isaiah Joe,SG,22,PHI,53,572,7.8,0.52,0.764,0.176,1.2,8.6,5,8.1,1,0.5,8.3,15.2,,0.1,0.4,0.5,0.04,,-2.9,-1.4,-4.4,-0.4
276,Alize Johnson,PF,25,TOT,23,167,10.7,0.463,0.103,0.308,18.8,21.9,20.4,7.1,1.5,0,21.3,14.8,,0,0.2,0.2,0.044,,-3.6,-1.8,-5.4,-0.1
276,Alize Johnson,PF,25,CHI,16,121,10.3,0.537,0.087,0.304,15,18.4,16.7,8.6,1.2,0,23.5,12.4,,0.1,0.1,0.2,0.066,,-3.4,-0.6,-4,-0.1
276,Alize Johnson,PF,25,WAS,3,18,5.7,0.311,0.333,0.167,31.2,42.2,36.8,0,0,0,31.8,23.3,,-0.1,0,-0.1,-0.179,,-7.7,-8.3,-16,-0.1
276,Alize Johnson,PF,25,NOP,4,28,15.9,0.383,0,0.4,27.2,24,25.6,4.9,3.5,0,7.8,19.6,,0,0,0.1,0.091,,-1.8,-3,-4.8,0
277,B.J. Johnson,SF,26,ORL,4,65,12.1,0.52,0.4,0,9.7,14.7,12.2,0,0,1.4,0,16.6,,0.1,0,0.1,0.066,,-0.7,-4,-4.6,0
278,Cameron Johnson,PF,25,PHO,61,1596,15.8,0.643,0.646,0.188,2.5,13.8,8.4,7.5,1.5,0.8,6.1,17.3,,3.4,2.2,5.6,0.169,,2.5,0.7,3.3,2.1
279,David Johnson,SG,20,TOR,2,2,-20,0,1,0,0,0,0,0,0,0,0,21.4,,0,0,0,-0.495,,-19,-8.7,-27.7,0
280,Jalen Johnson,PF,20,ATL,19,111,12.8,0.618,0.308,0.179,2,22.5,12.3,4.1,1.3,1.6,17.6,20.1,,0,0.1,0.1,0.029,,-3.2,-0.8,-4,-0.1
281,James Johnson,PF,34,BRK,62,1191,10.3,0.513,0.277,0.179,4.8,14.7,9.8,14.6,1.2,2.6,12.7,13.7,,0.6,1,1.6,0.066,,-2.7,0.5,-2.2,-0.1
282,Joe Johnson,SG,40,BOS,1,2,39,1,0,0,0,0,0,0,0,0,0,22,,0,0,0,0.336,,12.1,2.7,14.9,0
283,Keldon Johnson,SF,22,SAS,71,2254,15,0.573,0.391,0.224,3.6,16.7,10.1,9.1,1.1,0.4,7.9,21,,2.7,1.7,4.5,0.095,,0.6,-1.3,-0.7,0.8
284,Keon Johnson,SG,19,TOT,32,539,8.5,0.454,0.346,0.207,4.5,9.2,6.9,12.9,2,1.4,12.7,20.9,,-0.6,0.3,-0.3,-0.026,,-4.2,-2,-6.2,-0.6
284,Keon Johnson,SG,19,LAC,15,135,9.4,0.44,0.216,0.412,4.8,11.5,8.3,13.7,2.5,1.3,10.4,21.9,,-0.1,0.2,0,0.015,,-6,0.2,-5.8,-0.1
284,Keon Johnson,SG,19,POR,17,404,8.2,0.459,0.389,0.14,4.5,8.5,6.4,12.6,1.8,1.5,13.5,20.6,,-0.5,0.1,-0.3,-0.04,,-3.6,-2.7,-6.4,-0.4
285,Stanley Johnson,PF,25,LAL,43,951,11,0.572,0.413,0.254,3.3,11.2,7.2,10.1,2,1.3,8.9,11.8,,1.1,0.8,1.9,0.095,,-2.7,0.5,-2.2,0
286,Tyler Johnson,PG,29,TOT,6,91,7.2,0.425,0.65,0,3.5,10.7,7.1,9.5,1.6,2.8,9.1,10.5,,0,0.1,0.1,0.033,,-3.9,0.8,-3,0
286,Tyler Johnson,PG,29,PHI,3,38,9.5,0.55,0.7,0,3,14.4,8.8,7.5,1.3,2.4,9.1,13,,0,0,0.1,0.073,,-2.5,0.5,-2,0
286,Tyler Johnson,PG,29,SAS,3,53,5.5,0.3,0.6,0,3.9,8,5.9,11,1.8,3.1,9.1,8.7,,0,0,0,0.005,,-4.9,1.1,-3.8,0
287,Nikola Jokić,C,26,DEN,71,2367,32.8,0.662,0.225,0.365,9.8,35.1,22.8,43.1,2.1,2.3,15.9,31.5,,10.5,4.2,14.8,0.3,,9.2,4.5,13.7,9.4
288,Carlik Jones,PG,24,TOT,5,23,-1.7,0.202,0.111,0.222,4.8,9.7,7.2,26.8,2.2,0,23.3,25.1,,-0.2,0,-0.1,-0.287,,-11.3,-4.2,-15.6,-0.1
288,Carlik Jones,PG,24,DAL,3,19,-4,0.127,0.143,0.286,5.8,11.7,8.7,32.4,2.7,0,27.6,25.8,,-0.2,0,-0.1,-0.341,,-13.1,-4.3,-17.4,-0.1
288,Carlik Jones,PG,24,DEN,2,4,9,0.5,0,0,0,0,0,0,0,0,0,22,,0,0,0,-0.029,,-2.9,-3.8,-6.7,0
289,Damian Jones,C,26,SAC,52,895,18,0.694,0.104,0.461,8.5,19.1,13.7,10.1,1.2,4.3,15.6,15.7,,2.1,0.8,2.9,0.154,,-0.5,0.5,0,0.5
290,Derrick Jones Jr.,PF,24,CHI,47,808,13,0.633,0.287,0.356,7.7,13.9,10.8,4.1,1.3,3.2,11,12.4,,1.3,0.8,2.1,0.124,,-1.6,0.6,-1,0.2
291,Herbert Jones,PF,23,NOP,74,2228,12.2,0.573,0.289,0.276,4.3,9.6,6.9,10.1,2.7,2.4,13.6,13.8,,1.9,2.5,4.4,0.095,,-2.2,1.5,-0.6,0.8
292,Jemerrio Jones,SF,26,LAL,2,15,14.9,0.667,0,0,14.4,7.1,10.7,0,3.2,0,0,8.6,,0,0,0.1,0.17,,-1.1,0,-1.1,0
293,Kai Jones,C,21,CHO,19,58,7.5,0.605,0.154,0.615,5.4,13,9.1,9.3,0.8,0,26.6,16.5,,0,0,0,-0.017,,-5.7,-2.6,-8.3,-0.1
294,Mason Jones,SG,23,LAL,2,9,-2.4,0.282,0.25,0.25,12,11.9,11.9,0,5.3,0,10.1,47.3,,-0.1,0,-0.1,-0.456,,-13.5,-4.4,-17.9,0
295,Tre Jones,PG,22,SAS,64,998,14.3,0.537,0.137,0.253,2.9,11.5,7.1,25.7,1.7,0.5,11.5,15.1,,1.5,0.8,2.3,0.109,,-1.3,0.2,-1.1,0.2
296,Tyus Jones,PG,25,MEM,70,1473,16.8,0.545,0.376,0.126,1.2,11.2,6.1,28,2.1,0.1,7.2,16.6,,3.4,1.6,5,0.163,,1.2,0.5,1.8,1.4
297,DeAndre Jordan,C,33,TOT,45,579,16.7,0.63,0,0.29,14.6,30.9,22.8,4.7,1,5.3,19.6,13.9,,0.7,0.9,1.6,0.137,,-1.9,0.2,-1.7,0.1
297,DeAndre Jordan,C,33,LAL,32,408,17.6,0.657,0,0.292,13.5,31.8,22.6,4.5,1.2,5.7,17.3,12.8,,0.7,0.7,1.3,0.154,,-1.5,0.8,-0.7,0.1
297,DeAndre Jordan,C,33,PHI,13,171,14.6,0.571,0,0.286,17.2,28.9,23.1,5.1,0.6,4.2,24.1,16.4,,0.1,0.3,0.3,0.095,,-2.8,-1.2,-4,-0.1
298,Cory Joseph,PG,30,DET,65,1600,11.5,0.579,0.393,0.283,1.9,10.3,5.9,21.8,1.3,1,15.9,14.3,,1.7,0.9,2.6,0.078,,-2,-0.1,-2.1,0
299,Georgios Kalaitzakis,SF,23,MIL,9,48,5.9,0.535,0.364,0.818,9,8.6,8.8,0,1,2,21.1,16.9,,0,0,0,-0.009,,-5.8,-2.1,-7.9,-0.1
300,Frank Kaminsky,C,28,PHO,9,181,21.4,0.635,0.227,0.303,6.8,17.3,12.2,10.1,2.1,3.4,6.3,19,,0.5,0.3,0.9,0.231,,2.5,2.5,5,0.3
301,Luke Kennard,SG,25,LAC,67,1847,13.1,0.618,0.663,0.122,1,11.6,6.4,11.2,1,0.3,8.1,16.5,,2.7,1.5,4.2,0.109,,0.7,-0.4,0.3,1.1
302,Braxton Key,SF,24,TOT,7,108,9.2,0.416,0.262,0.071,7.7,21,14,4.3,2.3,6.7,12.2,19.7,,-0.2,0.2,-0.1,-0.023,,-7,0,-7,-0.1
302,Braxton Key,SF,24,PHI,2,6,9.1,0.5,0.5,0,18.8,18.3,18.6,25.9,8.3,0,50,30,,0,0,0,-0.168,,-9.5,3.3,-6.2,0
302,Braxton Key,SF,24,DET,5,102,9.2,0.411,0.25,0.075,7.1,21.2,13.8,3,1.9,7.1,8.8,19.1,,-0.2,0.2,0,-0.015,,-6.9,-0.2,-7.1,-0.1
303,George King,SF,28,DAL,4,19,-12.3,0.085,0.8,0.4,0,29.3,14.6,0,0,0,14.5,16.3,,-0.1,0,-0.1,-0.297,,-16.6,-3.6,-20.2,-0.1
304,Louis King,SF,22,SAC,10,104,8.2,0.438,0.574,0.213,0,12.7,6.3,12.4,0.9,0.8,0,21.2,,0,0,0,0.002,,-3,-1.7,-4.7,-0.1
305,Corey Kispert,SF,22,WAS,72,1653,10.6,0.576,0.619,0.126,3.5,8.9,6.2,6.6,1,1.1,8.5,14.6,,1.3,0.7,2,0.059,,-1,-1.6,-2.5,-0.2
306,Maxi Kleber,PF,30,DAL,59,1450,11,0.537,0.72,0.184,5.3,21.5,13.4,6.6,1,3.6,10.9,13.3,,0.7,2.2,2.9,0.097,,-1.6,1.1,-0.5,0.5
307,Brandon Knight,PG,30,DAL,5,65,13,0.561,0.68,0.32,0,13.7,6.8,18.7,0.8,0,12.3,22.5,,0.1,0.1,0.1,0.091,,-2.8,-1.9,-4.7,0
308,Nathan Knight,PF,24,MIN,36,251,17.7,0.599,0.132,0.75,12.5,20.5,16.4,10.7,1.3,3.1,14.4,19.7,,0.5,0.3,0.9,0.163,,-1.3,0.2,-1,0.1
309,Kevin Knox,SF,22,TOT,28,219,11.3,0.507,0.622,0.244,6.4,14.5,10.4,6.6,0.9,0.9,7.2,19.5,,0.1,0.1,0.3,0.055,,-1.4,-2.1,-3.5,-0.1
309,Kevin Knox,SF,22,NYK,13,111,11.7,0.529,0.7,0.25,7.6,13.8,10.7,4.2,0.9,0.9,10.1,19.5,,0,0.1,0.1,0.059,,0.5,-2,-1.5,0
309,Kevin Knox,SF,22,ATL,15,108,11,0.485,0.548,0.238,5.1,15.1,10.1,9.1,0.9,0.8,4.1,19.6,,0.1,0,0.1,0.051,,-3.4,-2.2,-5.6,-0.1
310,John Konchar,SG,25,MEM,68,1212,13.7,0.615,0.484,0.18,6.4,20.3,13.2,9.6,1.7,1.5,9,9.8,,2.2,1.7,3.9,0.153,,0.1,1.4,1.5,1.1
311,Furkan Korkmaz,SG,24,PHI,63,1366,10.5,0.508,0.562,0.175,1.7,12.1,7,13.3,1.2,0.5,8.5,17.7,,0.2,1.1,1.3,0.047,,-1.8,-1,-2.9,-0.3
312,Luke Kornet,C,26,TOT,11,59,11.4,0.373,0.176,0.235,15,12.6,13.8,9.4,1.7,1.5,0,14,,0,0.1,0.1,0.094,,-3.8,-1.1,-4.9,0
312,Luke Kornet,C,26,CLE,2,15,8.8,0.316,0.2,0.6,15.1,7.2,11.1,8.8,0,6,0,18.6,,0,0,0,0.011,,-6.7,-3.2,-9.9,0
312,Luke Kornet,C,26,MIL,1,3,-5,0,0,0,36.1,0,17.6,0,0,0,0,14.2,,0,0,0,-0.154,,-14.2,-10.5,-24.7,0
312,Luke Kornet,C,26,BOS,8,41,13.5,0.437,0.182,0.091,13.5,15.5,14.5,10.3,2.4,0,0,12.3,,0.1,0.1,0.1,0.143,,-2,0.4,-1.6,0
313,Vit Krejci,SG,21,OKC,25,514,8.5,0.571,0.67,0.174,2.8,12.1,7.4,10.5,1.3,0.9,15.8,11.7,,0.2,0.4,0.6,0.056,,-4.1,-0.8,-4.9,-0.4
314,Arnoldas Kulboka,SF,24,CHO,1,3,0,,,,0,0,0,0,0,0,,0,,0,0,0,-0.014,,-5.3,-5.3,-10.6,0
315,Jonathan Kuminga,SF,19,GSW,66,1095,14.5,0.588,0.328,0.412,5.1,16.1,10.8,8,1.2,1.7,12.2,22.9,,0.9,1.6,2.5,0.108,,-1.8,-0.5,-2.3,-0.1
316,Kyle Kuzma,PF,26,WAS,66,2204,15.2,0.547,0.401,0.234,3.6,24.2,14.1,16.4,0.9,2.2,14.1,24.2,,0,2.2,2.2,0.048,,0.3,-0.4,-0.2,1
317,Anthony Lamb,SF,24,SAS,2,8,-0.5,0,1,0,0,13.3,6.6,27.8,0,0,0,10.5,,0,0,0,-0.139,,-6.2,-1.8,-8,0
318,Jeremy Lamb,SF-SG,29,TOT,52,858,13.5,0.519,0.486,0.315,3.2,15.4,9.2,11.9,1.6,2.1,7.8,19.8,,0.7,0.6,1.2,0.069,,-0.2,-0.4,-0.7,0.3
318,Jeremy Lamb,SF,29,IND,39,613,13.5,0.524,0.513,0.351,2.7,14.6,8.5,11.7,1.8,2,8.4,20.1,,0.5,0.4,0.9,0.072,,-0.2,-0.2,-0.4,0.2
318,Jeremy Lamb,SG,29,SAC,13,245,13.6,0.504,0.419,0.226,4.4,17.5,10.9,12.4,1,2.5,6.4,19.1,,0.2,0.2,0.3,0.06,,-0.3,-1,-1.4,0
319,Jock Landale,C,26,SAS,51,550,16.6,0.612,0.432,0.193,10.9,12.7,11.8,10.8,0.9,2.1,13,18.3,,1,0.4,1.4,0.125,,0.9,-1.1,-0.2,0.2
320,Romeo Langford,SG,22,TOT,45,744,9.4,0.523,0.447,0.202,4.4,10.7,7.6,3.5,1.4,2,7.2,13.1,,0.3,1,1.3,0.083,,-2.3,0.9,-1.4,0.1
320,Romeo Langford,SG,22,BOS,44,728,9.3,0.52,0.451,0.185,4.5,10.8,7.7,3.6,1.4,2,7.4,13,,0.3,1,1.3,0.084,,-2.3,1,-1.3,0.1
320,Romeo Langford,SG,22,SAS,1,16,11.2,0.608,0.25,1,0,6.6,3.3,0,0,0,0,15.2,,0,0,0,0.043,,-2.6,-2.6,-5.2,0
321,Zach LaVine,SF,26,CHI,65,2271,20.2,0.606,0.401,0.318,1.1,13.7,7.5,20.6,0.9,0.8,11.3,29,,4.5,1.4,5.9,0.124,,4,-1.4,2.5,2.6
322,Jake Layman,SF,27,MIN,33,214,7.7,0.466,0.486,0.2,2.9,13.8,8.2,5.7,1.3,2.3,11.6,16.8,,-0.2,0.2,0,-0.001,,-4.2,-0.7,-4.8,-0.2
323,Damion Lee,SG,29,GSW,59,1180,10.8,0.563,0.504,0.195,2.3,14.8,8.7,7,1.6,0.4,8.5,15.7,,0.8,1.6,2.5,0.1,,-2.4,0.4,-2,0
324,Saben Lee,PG,22,DET,35,554,13.6,0.486,0.355,0.349,2.8,13.6,7.9,25.3,2.9,1.8,12.8,17,,0.2,0.6,0.9,0.075,,-1.9,1.7,-0.3,0.2
325,Alex Len,C,28,SAC,39,620,13.2,0.577,0.119,0.358,9,19.4,14.1,10.5,1,3.5,17.4,17,,0.4,0.5,0.9,0.071,,-3.1,0.2,-2.9,-0.1
326,Caris LeVert,SG,27,TOT,54,1649,15.4,0.524,0.299,0.217,2.8,10.9,6.8,22.1,1.4,1.2,10.2,26,,1.1,0.9,2,0.059,,0.2,-1.3,-1,0.4
326,Caris LeVert,SG,27,IND,39,1214,16.4,0.53,0.304,0.235,2.7,11.2,6.9,22.9,1.4,1.3,9.9,26.9,,1.1,0.5,1.6,0.063,,1.1,-1.3,-0.3,0.5
326,Caris LeVert,SG,27,CLE,15,435,12.4,0.501,0.285,0.161,3.1,10.2,6.7,19.7,1.5,0.8,11.2,23.6,,0,0.5,0.4,0.047,,-2,-1,-3.1,-0.1
327,Kira Lewis Jr.,PG,20,NOP,24,341,9.8,0.466,0.397,0.082,2.9,9.9,6.3,21.8,1.6,0.3,14.7,22.4,,-0.3,0.2,-0.1,-0.016,,-2.8,-1.2,-3.9,-0.2
328,Scottie Lewis,SG,21,CHO,2,7,14.7,0.568,,,0,0,0,16.3,6.9,0,0,5.3,,0,0,0,0.164,,0,5.9,5.9,0
329,Damian Lillard,PG,31,POR,29,1056,18.6,0.55,0.514,0.328,1.3,11.5,6.2,33.6,0.8,1,11.6,29.2,,1.8,0.1,1.8,0.084,,4,-2.7,1.3,0.9
330,Nassir Little,SF,21,POR,42,1088,13.6,0.575,0.489,0.298,5.6,18.6,11.9,7.4,1.1,3.3,10.1,15.7,,1.2,0.6,1.8,0.079,,-0.8,-0.6,-1.4,0.2
331,Isaiah Livers,SF,23,DET,15,280,11,0.63,0.75,0.088,4,13.8,8.7,8.4,1.4,1.9,13.5,12.5,,0.3,0.2,0.5,0.086,,-1,-0.1,-1,0.1
332,Kevon Looney,C,25,GSW,78,1675,15.9,0.586,0.003,0.355,13.6,23.8,18.8,13.2,1.4,3,13.8,12.3,,3.5,3,6.5,0.186,,-0.9,1.7,0.8,1.2
333,Brook Lopez,C,33,MIL,9,202,11,0.523,0.481,0.182,6.4,10.2,8.4,4.2,1,4.8,10.7,19.7,,0,0.2,0.2,0.05,,-3.2,-0.7,-3.9,-0.1
334,Robin Lopez,C,33,ORL,32,544,14.1,0.575,0.028,0.249,12.4,9.9,11.2,14.6,0.1,3,17.3,19.3,,0.4,0.3,0.7,0.063,,-2.2,-1.4,-3.6,-0.2
335,Didi Louzada,SG-SF,22,TOT,4,35,9.1,0.364,0.818,0,12.3,3.3,7.9,11.6,1.4,2.8,0,13.5,,0,0,0,0.021,,-2.3,-3.4,-5.7,0
335,Didi Louzada,SF,22,NOP,2,7,-1.2,0,1,0,31.1,0,15.8,17.2,0,0,0,18.5,,0,0,0,-0.237,,-4.1,-8.4,-12.5,0
335,Didi Louzada,SG,22,POR,2,28,11.6,0.5,0.75,0,7.6,4.1,5.9,10.2,1.7,3.5,0,12.3,,0,0,0.1,0.086,,-1.9,-2.1,-4,0
336,Kevin Love,PF,33,CLE,70,1583,19,0.586,0.623,0.263,5.6,28.7,17.4,15.2,0.8,1,10.3,24.9,,2.8,2.4,5.3,0.159,,3.9,0.2,4.1,2.5
337,Kyle Lowry,PG,35,MIA,61,2067,14.9,0.595,0.616,0.273,1.7,12.9,7.4,32.5,1.6,0.9,19.3,18.2,,3.5,2.6,6.1,0.141,,1.1,0.8,1.8,2
338,Timothé Luwawu-Cabarrot,SF,26,ATL,49,641,9.8,0.562,0.652,0.225,2.6,10.5,6.6,7.7,1.4,0.8,8.9,14.6,,0.6,0.3,0.9,0.065,,-2.1,-1,-3.1,-0.2
339,Trey Lyles,PF,26,TOT,71,1458,16.7,0.589,0.377,0.441,6.2,21,13.3,9.3,0.9,2,9.8,20.7,,2.4,1.1,3.6,0.117,,0.7,-0.8,-0.1,0.7
339,Trey Lyles,PF,26,DET,51,990,16.8,0.576,0.38,0.458,6.2,21.2,13.3,9.5,1.1,2.4,10.5,22.4,,1.3,0.9,2.2,0.109,,0.5,-0.4,0.1,0.5
339,Trey Lyles,PF,26,SAC,20,468,16.5,0.623,0.367,0.395,6.2,20.7,13.3,8.7,0.5,1.1,8,17.2,,1.1,0.2,1.3,0.135,,1.2,-1.6,-0.4,0.2
340,Théo Maledon,PG,20,OKC,50,881,10.7,0.501,0.477,0.318,2.3,12.6,7.4,18.2,1.7,1.2,15.2,20.3,,-0.4,0.8,0.3,0.017,,-3.7,-0.8,-4.4,-0.5
341,Sandro Mamukelashvili,PF,22,MIL,38,354,13.7,0.599,0.479,0.17,9.8,10.8,10.3,6.9,1,2.4,9.8,13.5,,0.7,0.3,0.9,0.127,,0.3,-0.9,-0.5,0.1
342,Terance Mann,SF,25,LAC,77,2222,13.4,0.571,0.304,0.242,5,14.5,9.9,13.1,1.2,0.7,9.9,16,,2.9,2.2,5.1,0.111,,-0.8,0.1,-0.7,0.7
343,Tre Mann,PG,20,OKC,60,1367,10.3,0.501,0.463,0.139,1.9,11.1,6.4,10.7,1.7,0.8,10.2,21.9,,-1,1.1,0.1,0.004,,-3.3,-1.1,-4.4,-0.8
344,Boban Marjanović,C,33,DAL,21,108,20.2,0.616,0.049,0.328,7.1,24.8,15.9,4,0,2.5,13.6,33.7,,0,0.1,0.1,0.061,,-1.8,-1.1,-2.9,0
345,Lauri Markkanen,PF,24,CLE,57,1758,14.4,0.573,0.537,0.228,3.7,16.3,10.2,6.7,1.3,1.4,6.7,19.3,,2.3,2.3,4.5,0.124,,0.2,0.1,0.3,1
346,Naji Marshall,SF,24,NOP,50,646,12.6,0.504,0.416,0.34,5.7,16.8,11.2,11.6,2.4,0.9,12.2,20.8,,0,0.7,0.8,0.057,,-2.6,-0.3,-2.9,-0.1
347,Caleb Martin,SF,26,MIA,57,1293,15.2,0.615,0.373,0.231,6.1,13,9.6,7.3,2.2,2.1,9.9,16.4,,2,2,4,0.148,,0.4,1,1.4,1.1
348,Cody Martin,SF,26,CHO,67,1764,12.5,0.57,0.373,0.257,4.5,11.8,8.1,12.6,2.2,1.6,11.6,12.3,,2.1,1.4,3.5,0.096,,-1.3,0.7,-0.7,0.6
349,Kelan Martin,SF,26,TOT,30,450,9.5,0.484,0.439,0.076,4.1,9.5,6.8,6.7,1.4,1.7,7.3,18.2,,-0.1,0.2,0.1,0.008,,-2.6,-1,-3.6,-0.2
349,Kelan Martin,SF,26,IND,27,444,9.7,0.492,0.44,0.077,4,9.4,6.6,6.8,1.4,1.8,7.5,18.1,,-0.1,0.2,0.1,0.013,,-2.4,-0.9,-3.3,-0.1
349,Kelan Martin,SF,26,BOS,3,6,-11.3,0,0.333,0,18.4,17.6,18,0,0,0,0,22,,-0.1,0,0,-0.384,,-14.8,-10.5,-25.3,0
350,Kenyon Martin Jr.,SF,21,HOU,75,1569,14.6,0.603,0.309,0.237,5.5,14.8,10.1,9.5,1,2.1,9.5,16.4,,2.2,0.6,2.8,0.087,,0.1,-1.2,-1.1,0.4
351,Garrison Mathews,SG,25,HOU,61,1604,11.2,0.606,0.834,0.384,2.1,9.8,5.9,5.3,1.6,1.2,7,14.5,,2.2,0.5,2.7,0.081,,-1.2,-1,-2.2,-0.1
352,Dakota Mathias,SG,26,MEM,6,16,11.1,0.5,1,0,0,13.3,6.5,8,3,0,0,15.4,,0,0,0,0.117,,-1.4,1.7,0.3,0
353,Wesley Matthews,SG,35,MIL,45,913,6.7,0.521,0.718,0.104,3.4,6.6,5,4.6,1.2,0.7,7,10.6,,0.4,0.5,1,0.051,,-3.1,-0.3,-3.4,-0.3
354,Tyrese Maxey,PG,21,PHI,70,2492,15.9,0.584,0.3,0.244,1.2,9,5.2,19,1,1.1,7,20,,4.8,1.8,6.6,0.128,,1.1,-0.7,0.4,1.5
355,Skylar Mays,SG,24,ATL,26,216,12,0.589,0.391,0.141,2.6,10.1,6.3,11,1.6,0,12.8,15.8,,0.2,0.1,0.3,0.061,,-1.1,-0.8,-1.9,0
356,Miles McBride,PG,21,NYK,37,336,5.9,0.374,0.611,0.126,1.3,11.8,6.4,17.1,1.9,0.3,4.7,13.7,,-0.2,0.3,0.2,0.022,,-5.8,1.1,-4.8,-0.2
357,Mac McClung,PG,23,CHI,1,3,8.8,1,0,0,0,0,0,0,0,0,50,29.4,,0,0,0,-0.249,,-6.9,-8.4,-15.3,0
358,CJ McCollum,SG,30,TOT,57,2014,18.5,0.557,0.405,0.142,2.7,11.5,7,25.9,1.5,1.1,9.3,27.3,,2.8,0.9,3.6,0.086,,3.4,-1.3,2.1,2.1
358,CJ McCollum,SG,30,POR,36,1267,15.9,0.532,0.435,0.102,2.8,10.7,6.6,22.2,1.4,1.6,9.2,26,,0.9,0.3,1.2,0.045,,1.8,-1.7,0.1,0.7
358,CJ McCollum,SG,30,NOP,21,747,22.9,0.595,0.358,0.205,2.5,12.9,7.6,32.2,1.6,0.1,9.6,29.5,,1.9,0.5,2.4,0.157,,6,-0.6,5.4,1.4
359,T.J. McConnell,PG,29,IND,24,581,15.2,0.536,0.138,0.083,3.6,11.9,7.7,28.5,2.1,1.3,13,15.9,,0.8,0.3,1.2,0.099,,-0.3,1.6,1.3,0.5
360,Jaden McDaniels,PF,21,MIN,67,1749,10.3,0.551,0.456,0.13,4.5,13.2,8.8,6.1,1.4,2.9,11.3,15.4,,0.7,1.7,2.4,0.067,,-2.9,0,-2.9,-0.4
361,Jalen McDaniels,SF,24,CHO,51,822,11.3,0.574,0.43,0.298,4.3,15.8,9.9,8,1.3,2.1,11.9,15.1,,0.6,0.6,1.3,0.073,,-2.8,-0.6,-3.4,-0.3
362,Doug McDermott,PF,30,SAS,51,1223,11.5,0.593,0.551,0.11,1.5,8.4,4.9,7.2,0.5,0.4,8.1,18.3,,1.1,0.4,1.6,0.062,,-0.4,-2.2,-2.6,-0.2
363,JaVale McGee,C,34,PHO,69,1078,23.4,0.661,0.019,0.318,15.5,29.8,22.9,5.5,0.9,6.3,15.5,23,,2.4,2.4,4.8,0.215,,0.4,1.1,1.5,1
364,Cameron McGriff,SF,24,POR,3,46,12.5,0.47,0.429,0.143,13.8,22.3,17.9,9.3,0,2.1,0,14,,0.1,0,0.1,0.1,,-0.9,-3.1,-4.1,0
365,Rodney McGruder,SG,30,DET,48,680,10.7,0.559,0.673,0.102,4.4,11.5,7.8,9.4,1.4,0.7,9.3,14.3,,0.5,0.4,0.9,0.066,,-1,-0.7,-1.8,0
366,Alfonzo McKinnie,SF,29,CHI,17,206,5.7,0.457,0.443,0.131,7.1,10.8,9,3.2,0.5,1.3,9.8,15.3,,-0.2,0.1,-0.1,-0.012,,-5.6,-3.4,-8.9,-0.4
367,JaQuori McLaughlin,PG,24,DAL,4,11,-2.9,0,0.5,0,0,0,0,22.4,0,0,0,8.2,,0,0,0,-0.103,,-9.4,-4.2,-13.6,0
368,Jordan McLaughlin,PG,25,MIN,58,827,13.3,0.514,0.406,0.198,2.6,8.8,5.7,26.8,3.1,0.9,14.3,12,,1.1,0.9,2.1,0.12,,-1.3,1.6,0.4,0.5
369,Ben McLemore,SG,28,POR,59,1153,11.2,0.557,0.776,0.155,1.1,8,4.4,6.6,1.3,0.9,8.2,21.3,,0.5,0.1,0.7,0.027,,-0.9,-2.7,-3.6,-0.5
370,De'Anthony Melton,SG,23,MEM,69,1557,15.3,0.528,0.532,0.165,3.9,17.1,10.4,15.7,3.1,2,13,21.3,,0.9,2.7,3.5,0.109,,0.3,1.7,2,1.6
371,Sam Merrill,SG,25,MEM,6,58,7.6,0.485,0.958,0.167,1.8,11,6.3,9,0,0,7.2,19.6,,0,0,0,0.032,,-2.2,-3.4,-5.6,-0.1
372,Chimezie Metu,C,24,SAC,56,1178,13.3,0.541,0.419,0.201,3,25.9,14.3,7.1,1.8,2.2,11,18.8,,0.1,1.3,1.3,0.053,,-1.6,0,-1.6,0.1
373,Khris Middleton,SF,30,MIL,62,2009,18.5,0.58,0.422,0.296,2.2,15.4,8.9,25.5,1.7,0.8,14.2,26.9,,3.2,2,5.2,0.125,,2.1,-0.3,1.8,1.9